Time,Speed,Throttle,Brake,RPM,nGear,DRS,X,Y
0 days 00:00:00,284.41250026666665,100.0,False,11271.212513066666,7,0,-382.2566464897168,1221.0306607665132
0 days 00:00:00.062000,284.67083306666666,100.0,False,11283.870820266668,7,0,-380.0,1270.0
0 days 00:00:00.141000,285.0,100.0,False,11300.0,7,0,-377.2342360024864,1332.4936382225653
0 days 00:00:00.262000,285.86428525714285,100.0,False,11338.460693942858,7,0,-373.0,1429.0
0 days 00:00:00.421000,287.0,100.0,False,11389.0,7,0,-366.8150262153605,1558.8049991108694
0 days 00:00:00.582000,287.67083306666666,100.0,False,11421.870820266668,7,0,-360.0,1700.0
0 days 00:00:00.661000,288.0,100.0,False,11438.0,7,0,-356.5208283663488,1775.2038467437574
0 days 00:00:00.821000,290.0,100.0,False,11500.0,7,0,-349.3711088414823,1935.5593350852398
0 days 00:00:00.942000,290.3361109333333,100.0,False,11509.411106133333,7,0,-345.0,2038.0
0 days 00:00:01.181000,291.0,100.0,False,11528.0,7,0,-339.89679575072506,2171.714386678323
0 days 00:00:01.382000,292.1166663111111,100.0,False,10914.391862044444,7,0,-334.0,2330.0
0 days 00:00:01.541000,293.0,100.0,False,10429.0,7,0,-325.98091962490844,2533.238756758106
0 days 00:00:01.562000,293.1312496,100.0,False,10438.9749696,7,0,-325.0,2557.0
0 days 00:00:01.701000,294.0,100.0,False,10505.0,8,0,-319.7547667281374,2674.5133295180563
0 days 00:00:01.982000,294.8781248,100.0,False,10526.95312,8,0,-312.0,2819.0
0 days 00:00:02.021000,295.0,100.0,False,10530.0,8,0,-310.61633015152717,2848.2442864879345
0 days 00:00:02.142000,295.60499968,100.0,False,10545.124992,8,0,-306.0,2950.0
0 days 00:00:02.382000,296.80499968,100.0,False,10575.124992,8,0,-297.0,3154.0
0 days 00:00:02.421000,297.0,100.0,False,10580.0,8,0,-295.33971157802637,3189.4767320718347
0 days 00:00:02.543000,297.0,100.0,False,10590.6749888,8,0,-290.0,3302.0
0 days 00:00:02.581000,297.0,100.0,False,10594.0,8,0,-288.48680483566966,3335.236185808628
0 days 00:00:02.781000,298.0,100.0,False,10621.0,8,0,-281.6860555454691,3498.844016422412
0 days 00:00:02.803000,298.0916672,100.0,False,10625.8583616,8,0,-281.0,3517.0
0 days 00:00:03.021000,299.0,100.0,False,10674.0,8,0,-274.61548011950356,3698.818544475466
0 days 00:00:03.043000,299.11000064,100.0,False,10674.8250048,8,0,-274.0,3716.0
0 days 00:00:03.223000,300.00999936,100.0,False,10681.5749952,8,0,-269.0,3849.0
0 days 00:00:03.383000,300.80999936,100.0,False,10687.5749952,8,0,-264.0,3982.0
0 days 00:00:03.421000,301.0,100.0,False,10689.0,8,0,-262.64162961984204,4019.0505555479203
0 days 00:00:03.661000,302.0,100.0,False,10752.0,8,0,-253.30134367907243,4279.756179356832
0 days 00:00:03.703000,302.0,100.0,False,10755.4124896,8,0,-252.0,4316.0
0 days 00:00:03.981000,302.0,100.0,False,10778.0,8,0,-246.04491818970584,4482.664733664977
0 days 00:00:03.983000,302.0071424,100.0,False,10777.964288,8,0,-246.0,4484.0
0 days 00:00:04.261000,303.0,100.0,False,10773.0,8,0,-238.19779868172446,4716.489869035524
0 days 00:00:04.323000,303.22142902857144,100.0,False,10782.3000192,8,0,-236.0,4770.0
0 days 00:00:04.403000,303.5071433142857,100.0,False,10794.3000192,8,0,-233.0,4837.0
0 days 00:00:04.541000,304.0,100.0,False,10815.0,8,0,-228.73747030359286,4952.933527931618
0 days 00:00:04.683000,304.0,100.0,False,10809.31999488,8,0,-225.0,5073.0
0 days 00:00:04.741000,304.0,100.0,False,10807.0,8,0,-223.4316120216666,5122.082189794085
0 days 00:00:04.901000,305.0,100.0,False,10816.0,8,0,-219.08004197603233,5257.5089653509485
0 days 00:00:04.943000,304.79000064,100.0,False,10821.45998336,8,0,-218.0,5293.0
0 days 00:00:05.101000,304.0,100.0,False,10842.0,8,0,-214.05403267834112,5426.3123728354385
0 days 00:00:05.103000,304.0082982262701,100.0,False,10842.481297123664,8,0,-214.0,5428.0
0 days 00:00:05.303000,304.8381739653242,100.0,False,10890.614089988803,8,0,-208.0,5597.0
0 days 00:00:05.342000,305.0,100.0,False,10900.0,8,0,-206.80565624687787,5630.040076555503
0 days 00:00:05.502000,305.0,100.0,False,10885.94142635878,8,0,-202.0,5766.0
0 days 00:00:05.581000,305.0,100.0,False,10879.0,8,0,-199.7151828061784,5833.461840951451
0 days 00:00:05.722000,305.3916664888889,100.0,False,10857.066676622222,8,0,-196.0,5952.0
0 days 00:00:05.902000,305.8916664888889,100.0,False,10829.066676622222,8,0,-192.0,6105.0
0 days 00:00:05.941000,306.0,100.0,False,10823.0,8,0,-190.8857567670526,6146.642936191009
0 days 00:00:06.202000,305.06785737142854,100.0,False,10569.457205028571,8,0,-182.0,6466.0
0 days 00:00:06.221000,305.0,100.0,False,10551.0,8,0,-181.49771738924133,6484.160729419678
0 days 00:00:06.461000,299.0,0.0,False,10332.0,8,0,-177.6663786498199,6627.501649533579
0 days 00:00:06.662000,292.5392877714286,0.0,False,10163.303625142857,8,0,-175.0,6733.0
0 days 00:00:06.741000,290.0,0.0,True,10097.0,8,0,-173.5231025932941,6790.900826038284
0 days 00:00:06.902000,280.9437536,0.0,True,9800.156368,8,0,-170.0,6924.0
0 days 00:00:07.061000,272.0,0.0,True,9507.0,8,0,-166.43121766617514,7046.037354611691
0 days 00:00:07.082000,269.72500693333336,0.0,True,9432.800226133333,8,0,-166.0,7061.0
0 days 00:00:07.301000,246.0,0.0,True,8659.0,8,0,-161.8346155548896,7208.284879887948
0 days 00:00:07.362000,241.64286171428571,0.0,True,8526.3251392,8,0,-160.0,7261.0
0 days 00:00:07.562000,227.35714742857144,0.0,True,8091.3251392,8,0,-152.0,7463.0
0 days 00:00:07.581000,226.0,0.0,True,8050.0,8,0,-151.42857871465318,7476.826975610273
0 days 00:00:07.861000,199.0,0.0,True,8030.0,7,0,-147.35872241527844,7567.893623611743
0 days 00:00:07.882000,197.21500544,0.0,True,8130.58969344,7,0,-147.0,7576.0
0 days 00:00:08.061000,182.0,0.0,True,8988.0,7,0,-143.02276316647124,7668.466305702011
0 days 00:00:08.062000,181.916672,0.0,True,8989.9193216,7,0,-143.0,7669.0
0 days 00:00:08.302000,161.916672,0.0,True,9450.585988266666,7,0,-138.0,7783.0
0 days 00:00:08.421000,152.0,0.0,True,9679.0,7,0,-135.88564575746258,7821.825455339689
0 days 00:00:08.522000,146.10833706666668,0.0,True,9657.958346666666,7,0,-134.0,7852.0
0 days 00:00:08.661000,138.0,0.0,True,9629.0,6,0,-130.89975344845385,7899.093969282115
0 days 00:00:08.802000,125.6625056,0.0,True,9999.124832,6,0,-126.0,7957.0
0 days 00:00:08.821000,124.0,0.0,True,10049.0,5,0,-125.1142554707562,7965.860317762268
0 days 00:00:09.022000,113.9500032,0.0,True,9603.6595168,5,0,-114.0,8062.0
0 days 00:00:09.141000,108.0,0.0,True,9340.0,2,0,-108.80703025657877,8096.59159634292
0 days 00:00:09.363000,98.4857088,0.0,True,8360.0280064,2,0,-99.0,8133.0
0 days 00:00:09.421000,96.0,0.0,True,8104.0,2,0,-95.09452451271741,8145.0340635839975
0 days 00:00:09.683000,91.0874976,0.0,True,7389.2309008,2,0,-72.0,8206.0
0 days 00:00:09.741000,90.0,0.0,True,7231.0,2,0,-66.50303858687175,8216.945138281437
0 days 00:00:09.863000,86.4416704,0.0,True,7017.500224,2,0,-54.0,8238.0
0 days 00:00:09.981000,83.0,0.0,True,6811.0,2,0,-39.27130834798186,8259.643716591561
0 days 00:00:09.983000,82.96000256,0.0,True,6808.14518272,2,0,-39.0,8260.0
0 days 00:00:10.263000,77.36000256,0.0,True,6408.44518272,2,0,3.0,8303.0
0 days 00:00:10.381000,75.0,0.0,False,6240.0,2,0,19.63696713547923,8316.769241429814
0 days 00:00:10.443000,74.2249984,0.0,False,6171.0248576,2,0,33.0,8324.0
0 days 00:00:10.621000,72.0,0.0,False,5973.0,2,0,91.4412001084687,8344.830584398349
0 days 00:00:10.623000,71.9714304,0.0,False,5971.5572352,2,0,92.0,8345.0
0 days 00:00:10.901000,68.0,0.0,False,5771.0,2,0,127.94189930984668,8349.644756961286
0 days 00:00:11.023000,68.0,5.18499456,False,5943.01981952,2,0,141.0,8346.0
0 days 00:00:11.243000,68.0,14.535005439999999,False,6253.22018048,2,0,180.0,8336.0
0 days 00:00:11.301000,68.0,17.0,False,6335.0,2,0,190.60344704356788,8331.986498280812
0 days 00:00:11.463000,69.5187488,19.531247999999998,False,6521.8061024,2,0,219.0,8318.0
0 days 00:00:11.621000,71.0,22.0,False,6704.0,2,0,245.3087274119862,8302.189606998094
0 days 00:00:11.703000,72.27725682786429,23.788159559010005,False,6754.323919017853,2,0,259.0,8293.0
0 days 00:00:11.863000,74.7694691627602,27.27725682786429,False,6852.517085012752,2,0,286.0,8273.0
0 days 00:00:11.942000,76.0,29.0,False,6901.0,2,0,298.4749527306721,8262.351691917636
0 days 00:00:12.023000,78.531248,32.5437472,False,7216.3935008,2,0,312.0,8250.0
0 days 00:00:12.102000,81.0,36.0,False,7524.0,2,0,327.40001246732135,8235.611691763277
0 days 00:00:12.301000,87.0,41.0,False,8134.0,2,0,371.56372309386785,8193.245343183857
0 days 00:00:12.362000,88.69444266666666,44.388885333333334,False,8287.177617066667,2,0,383.0,8182.0
0 days 00:00:12.661000,97.0,61.0,False,9038.0,2,0,423.25815461186664,8140.021803320472
0 days 00:00:12.682000,98.0499968,61.3937488,False,9102.0498048,2,0,426.0,8137.0
0 days 00:00:12.821000,105.0,64.0,False,9526.0,2,0,445.30736037420445,8115.323518053727
0 days 00:00:13.021000,114.0,75.0,False,10501.0,2,0,487.42722061005026,8071.32865752889
0 days 00:00:13.042000,114.83999744,75.31499904,False,10432.54020864,2,0,494.0,8065.0
0 days 00:00:13.221000,122.0,78.0,False,9849.0,2,0,560.456665444998,8003.736755598872
0 days 00:00:13.242000,122.83999744,77.79000064,False,9842.1750208,2,0,567.0,7998.0
0 days 00:00:13.421000,130.0,76.0,False,9784.0,3,0,602.1305005442883,7970.841404490577
0 days 00:00:13.542000,131.5124992,72.9750016,False,9931.7207552,3,0,625.0,7958.0
0 days 00:00:13.661000,133.0,70.0,False,10077.0,3,0,658.6587233859799,7939.9393117645495
0 days 00:00:13.861000,139.0,69.0,False,10378.0,3,0,732.071257081281,7905.050843032393
0 days 00:00:13.882000,139.73499776,68.58000128,False,10238.03542656,3,0,740.0,7902.0
0 days 00:00:14.061000,146.0,65.0,False,9045.0,4,0,807.632515771668,7881.095273114916
0 days 00:00:14.062000,146.020832,65.0166656,False,9046.0582656,4,0,808.0,7881.0
0 days 00:00:14.262000,150.18749866666667,68.34999893333334,False,9257.724932266667,4,0,889.0,7867.0
0 days 00:00:14.301000,151.0,69.0,False,9299.0,4,0,912.0562735991222,7865.792411939747
0 days 00:00:14.482000,154.770832,71.2624992,False,9746.9748416,4,0,1035.0,7866.0
0 days 00:00:14.541000,156.0,72.0,False,9893.0,4,0,1064.3241314597167,7867.272859987094
0 days 00:00:14.842000,163.5249984,86.10937200000001,False,10261.7249216,4,0,1152.0,7881.0
0 days 00:00:14.861000,164.0,87.0,False,10285.0,4,0,1158.7456956965464,7882.2032948629585
0 days 00:00:15.022000,171.37916373333334,95.72082986666666,False,10745.8623168,4,0,1226.0,7894.0
0 days 00:00:15.101000,175.0,100.0,False,10972.0,4,0,1263.0295801387974,7900.954624060426
0 days 00:00:15.261000,178.0,100.0,False,11129.0,4,0,1341.9353117095493,7916.888859088651
0 days 00:00:15.322000,179.86388693333333,100.0,False,10931.089096533333,4,0,1370.0,7923.0
0 days 00:00:15.582000,187.8083313777778,100.0,False,10087.533540977778,4,0,1500.0,7958.0
0 days 00:00:15.621000,189.0,100.0,False,9961.0,5,0,1531.9513258561574,7968.3290434341625
0 days 00:00:15.743000,194.22856594285713,100.0,False,10121.778402742857,5,0,1642.0,8005.0
0 days 00:00:15.901000,201.0,100.0,False,10330.0,5,0,1731.8885771151874,8034.340343750065
0 days 00:00:16.163000,205.093752,100.0,False,10804.875232,5,0,1815.0,8053.0
0 days 00:00:16.221000,206.0,100.0,False,10910.0,5,0,1841.4204186882057,8057.039219499255
0 days 00:00:16.363000,209.5500032,100.0,False,11032.4751104,5,0,1917.0,8066.0
0 days 00:00:16.541000,214.0,100.0,False,11186.0,5,0,2022.6369658496048,8071.11955830727
0 days 00:00:16.623000,216.86999552,100.0,False,11286.03984384,5,0,2073.0,8071.0
0 days 00:00:16.683000,218.97000448,100.0,False,11359.24015616,5,0,2110.0,8070.0
0 days 00:00:16.741000,221.0,100.0,False,11430.0,5,0,2145.840618661338,8068.881394429106
0 days 00:00:16.983000,224.781248,100.0,False,10968.687744,5,0,2296.0,8062.0
0 days 00:00:17.061000,226.0,100.0,False,10820.0,5,0,2344.5527965034207,8057.974794143543
0 days 00:00:17.143000,228.562496,100.0,False,10615.00032,5,0,2396.0,8053.0
0 days 00:00:17.221000,231.0,100.0,False,10420.0,6,0,2445.65144690083,8047.8706126837615
0 days 00:00:17.363000,232.7750016,100.0,False,10543.0667776,6,0,2537.0,8037.0
0 days 00:00:17.461000,234.0,100.0,False,10628.0,6,0,2599.8246871331303,8027.73404263575
0 days 00:00:17.621000,238.0,100.0,False,10759.0,6,0,2702.5515213456397,8009.709716039811
0 days 00:00:17.683000,238.93000192,100.0,False,10774.81003264,6,0,2743.0,8002.0
0 days 00:00:17.821000,241.0,100.0,False,10810.0,6,0,2834.0083180183515,7983.6219325715065
0 days 00:00:17.863000,241.7499977142857,100.0,False,10850.649876114287,6,0,2861.0,7978.0
0 days 00:00:18.043000,244.964288,100.0,False,11024.8644096,6,0,2980.0,7953.0
0 days 00:00:18.101000,246.0,100.0,False,11081.0,6,0,3029.752334829594,7942.92663488176
0 days 00:00:18.323000,248.7750016,100.0,False,11155.9250432,6,0,3237.0,7902.0
0 days 00:00:18.341000,249.0,100.0,False,11162.0,6,0,3248.9508045998045,7899.637493041095
0 days 00:00:18.702000,255.0,100.0,False,11380.0,6,0,3429.0,7863.0
0 days 00:00:18.862000,256.14695314191755,100.0,False,11475.197110779158,6,0,3624.0,7823.0
0 days 00:00:18.981000,257.0,100.0,False,11546.0,6,0,3699.1901728641737,7807.539900204471
0 days 00:00:19.162000,259.828124,100.0,False,10907.9752256,6,0,3751.0,7797.0
0 days 00:00:19.301000,262.0,100.0,False,10418.0,6,0,3843.0153287954536,7778.55926662851
0 days 00:00:19.402000,262.8416661333333,100.0,False,10472.2874656,6,0,3921.0,7763.0
0 days 00:00:19.541000,264.0,100.0,False,10547.0,7,0,4023.4994642077977,7742.657965977726
0 days 00:00:19.762000,265.5785709714286,100.0,False,10624.3499776,7,0,4181.0,7711.0
0 days 00:00:19.821000,266.0,100.0,False,10645.0,7,0,4223.655586499736,7702.151026513257
0 days 00:00:19.882000,266.91499904,100.0,False,10661.16498304,7,0,4268.0,7693.0
0 days 00:00:20.021000,269.0,100.0,False,10698.0,7,0,4369.691151387482,7672.825683606337
0 days 00:00:20.102000,269.80999936,100.0,False,10731.61497344,7,0,4429.0,7661.0
0 days 00:00:20.221000,271.0,100.0,False,10781.0,7,0,4515.932219243266,7643.1317571642485
0 days 00:00:20.262000,271.3416661333333,100.0,False,10794.43886791111,7,0,4546.0,7637.0
0 days 00:00:20.502000,273.3416661333333,100.0,False,10873.105534577779,7,0,4724.0,7602.0
0 days 00:00:20.581000,274.0,100.0,False,10899.0,7,0,4783.134905673134,7590.514173058069
0 days 00:00:20.781000,275.0,100.0,False,10934.0,7,0,4933.251810336495,7561.148769116881
0 days 00:00:20.782000,275.006999552,100.0,False,10934.22998528,7,0,4934.0,7561.0
0 days 00:00:20.942000,276.126999552,100.0,False,10971.02998528,7,0,5054.0,7537.0
0 days 00:00:21.202000,277.946999552,100.0,False,11030.82998528,7,0,5251.0,7499.0
0 days 00:00:21.422000,279.486999552,100.0,False,11081.42998528,7,0,5419.0,7467.0
0 days 00:00:21.582000,280.606999552,100.0,False,11118.22998528,7,0,5618.0,7429.0
0 days 00:00:21.781000,282.0,100.0,False,11164.0,7,0,5770.809207155485,7400.480700134262
0 days 00:00:21.981000,283.0,98.0,False,11059.0,7,0,5857.693049995396,7385.017203286049
0 days 00:00:22.042000,281.78000128,83.05501568,False,11009.437552,7,0,5896.0,7378.0
0 days 00:00:22.202000,278.58000128,43.85501568,False,10879.437552,7,0,6020.0,7355.0
0 days 00:00:22.381000,275.0,0.0,False,10734.0,7,0,6168.891735396524,7327.318561773403
0 days 00:00:22.403000,274.312496,0.0,False,10705.9498368,7,0,6187.0,7324.0
0 days 00:00:22.541000,270.0,0.0,False,10530.0,7,0,6298.315105882908,7303.957029721778
0 days 00:00:22.663000,263.0285787428571,0.0,False,10204.08605622857,7,0,6392.0,7287.0
0 days 00:00:22.821000,254.0,0.0,True,9782.0,7,0,6503.695116310075,7266.235918188856
0 days 00:00:22.823000,253.875008,0.0,True,9776.2378688,7,0,6505.0,7266.0
0 days 00:00:22.981000,244.0,0.0,True,9321.0,7,0,6600.324938630604,7249.493349911908
0 days 00:00:23.023000,239.8000128,0.0,True,9372.02984448,7,0,6626.0,7245.0
0 days 00:00:23.181000,224.0,0.0,True,9564.0,7,0,6728.958555299912,7226.219317965793
0 days 00:00:23.243000,218.41998848,0.0,True,9600.58007552,7,0,6768.0,7219.0
0 days 00:00:23.381000,206.0,0.0,True,9682.0,7,0,6847.4030145980605,7204.3306273196395
0 days 00:00:23.443000,200.46427428571428,0.0,True,9628.857033142856,7,0,6881.0,7198.0
0 days 00:00:23.661000,181.0,0.0,True,9442.0,5,0,6992.451386814832,7175.443538950537
0 days 00:00:23.683000,179.3499904,0.0,True,9462.9917888,5,0,7003.0,7173.0
0 days 00:00:23.901000,163.0,0.0,True,9671.0,4,0,7100.60277751045,7146.1013557019505
0 days 00:00:23.963000,159.8999936,0.0,True,9425.3244928,4,0,7127.0,7137.0
0 days 00:00:24.083000,153.8999936,0.0,True,8949.8244928,4,0,7176.0,7118.0
0 days 00:00:24.141000,151.0,0.0,True,8720.0,4,0,7196.686443984849,7109.774739112681
0 days 00:00:24.363000,141.74999466666668,0.0,True,8205.083036444445,4,0,7278.0,7069.0
0 days 00:00:24.501000,136.0,0.0,True,7885.0,4,0,7359.540614409726,7014.080600535217
0 days 00:00:24.523000,135.50499712,0.0,True,7859.36985088,4,0,7371.0,7006.0
0 days 00:00:24.901000,127.0,0.0,False,7419.0,4,0,7441.272315353922,6939.516423054004
0 days 00:00:25.023000,125.78607053884834,0.0,False,7391.686587124087,4,0,7452.0,6915.0
0 days 00:00:25.102000,125.0,0.0,False,7374.0,4,0,7461.840010544139,6893.3794274976535
0 days 00:00:25.262000,123.28571428571429,0.0,False,7223.142857142857,4,0,7483.0,6841.0
0 days 00:00:25.382000,122.0,0.0,False,7110.0,4,0,7492.093259048624,6801.372511299471
0 days 00:00:25.422000,121.56989257178091,0.4301074282190846,False,7110.860214856438,4,0,7494.0,6788.0
0 days 00:00:25.622000,119.4193554306855,2.5806445693145075,False,7115.161289138629,4,0,7497.0,6720.0
0 days 00:00:25.661000,119.0,3.0,False,7116.0,4,0,7496.775795325374,6706.970316344654
0 days 00:00:25.862000,117.7437504,19.3312448,False,7199.5405984,4,0,7492.0,6641.0
0 days 00:00:25.962000,117.1187504,27.4562448,False,7241.1030984,4,0,7487.0,6608.0
0 days 00:00:25.981000,117.0,29.0,False,7249.0,4,0,7485.841746532829,6601.78826354757
0 days 00:00:26.181000,119.0,29.0,False,7249.0,4,0,7470.090562048973,6538.30618233357
0 days 00:00:26.182000,119.0124992,29.0374976,False,7249.87744384,4,0,7470.0,6538.0
0 days 00:00:26.382000,121.5124992,36.5374976,False,7425.37744384,4,0,7447.0,6475.0
0 days 00:00:26.581000,124.0,44.0,False,7600.0,4,0,7400.945973353677,6389.223143046524
0 days 00:00:26.702000,126.68888746666667,51.0583296,False,7823.8498816,4,0,7372.0,6342.0
0 days 00:00:26.941000,132.0,65.0,False,8266.0,4,0,7330.328712457749,6286.921612373132
0 days 00:00:27.102000,136.0249984,69.69583146666666,False,8436.391598933333,4,0,7301.0,6257.0
0 days 00:00:27.181000,138.0,72.0,False,8520.0,4,0,7283.429262663257,6239.755570109014
0 days 00:00:27.421000,144.0,72.0,False,8940.0,4,0,7217.85878334772,6177.827379304823
0 days 00:00:27.602000,153.95499648,89.19499392,False,9492.95480448,4,0,7163.0,6130.0
0 days 00:00:27.621000,155.0,91.0,False,9551.0,4,0,7157.1213529070765,6125.109754886685
0 days 00:00:27.861000,164.0,100.0,False,9931.0,4,0,7079.995072658711,6064.750218555782
0 days 00:00:28.002000,172.22499626666666,100.0,False,10557.862215466666,4,0,7024.0,6024.0
0 days 00:00:28.101000,178.0,100.0,False,10998.0,4,0,6977.739876593496,5991.287879356949
0 days 00:00:28.462000,188.6659072,100.0,False,11597.7521664,4,0,6805.0,5872.0
0 days 00:00:28.541000,191.0,100.0,False,11729.0,4,0,6783.108728804652,5856.690002624705
0 days 00:00:28.741000,194.0,100.0,False,11243.0,4,0,6735.345213093223,5822.251611992235
0 days 00:00:28.742000,194.02999808,100.0,False,11241.99756416,4,0,6735.0,5822.0
0 days 00:00:28.963000,200.66000384,100.0,False,11020.44487168,4,0,6636.0,5749.0
0 days 00:00:29.141000,206.0,100.0,False,10842.0,5,0,6554.591989528921,5686.400183169676
0 days 00:00:29.163000,206.8250048,100.0,False,10869.3626592,5,0,6545.0,5679.0
0 days 00:00:29.423000,216.5749952,100.0,False,11192.7373408,5,0,6425.0,5583.0
0 days 00:00:29.461000,218.0,100.0,False,11240.0,5,0,6400.706030026415,5561.648947065127
0 days 00:00:29.663000,223.0499968,100.0,False,11444.164156342857,5,0,6261.0,5434.0
0 days 00:00:29.741000,225.0,100.0,False,11523.0,5,0,6227.151937678915,5402.562794634537
0 days 00:00:29.901000,229.0,100.0,False,11761.0,5,0,6198.415084521773,5374.4040044915455
0 days 00:00:30.063000,232.23999744,100.0,False,10967.2006272,5,0,6148.0,5313.0
0 days 00:00:30.101000,233.0,100.0,False,10781.0,5,0,6128.249606352939,5288.636021810746
0 days 00:00:30.303000,236.53499776,100.0,False,10825.94497152,5,0,6001.0,5130.0
0 days 00:00:30.501000,240.0,100.0,False,10870.0,6,0,5936.330608259867,5044.235088705268
0 days 00:00:30.703000,239.3687504,46.343784,False,10736.1750848,6,0,5893.0,4977.0
0 days 00:00:30.821000,239.0,15.0,False,10658.0,6,0,5853.563879020171,4915.285712733309
0 days 00:00:30.963000,234.562496,8.343744000000001,False,10393.0810112,6,0,5801.0,4831.0
0 days 00:00:31.103000,230.187504,1.781255999999999,False,10131.8939888,6,0,5754.0,4752.0
0 days 00:00:31.141000,229.0,0.0,True,10061.0,6,0,5741.452626124107,4731.096705285569
0 days 00:00:31.303000,224.9500032,0.0,True,9610.775355733333,6,0,5688.0,4645.0
0 days 00:00:31.381000,223.0,0.0,True,9394.0,6,0,5662.181247165399,4606.0444126787725
0 days 00:00:31.622000,195.0,0.0,True,9690.0,6,0,5581.243962579994,4496.703981753186
0 days 00:00:31.643000,194.2999936,0.0,True,9660.5122304,6,0,5574.0,4488.0
0 days 00:00:31.723000,191.63332693333334,0.0,True,9548.178897066668,6,0,5546.0,4456.0
0 days 00:00:31.862000,187.0,0.0,False,9353.0,5,0,5494.755379101793,4403.940255446116
0 days 00:00:31.922000,185.5,0.0,False,9295.25,5,0,5472.0,4383.0
0 days 00:00:32.022000,183.0,0.0,False,9199.0,5,0,5433.566565894354,4350.3029050813275
0 days 00:00:32.082000,182.25,0.0,False,9131.125,5,0,5410.0,4332.0
0 days 00:00:32.182000,181.0,0.0,False,9018.0,5,0,5369.6442155367895,4303.679705082324
0 days 00:00:32.461000,177.0,27.0,False,8757.0,5,0,5250.442458229019,4240.181773015702
0 days 00:00:32.462000,176.9892864,27.0607104,False,8758.124928,5,0,5250.0,4240.0
0 days 00:00:32.682000,174.63214354285714,40.41785325714286,False,9005.624928,5,0,5150.0,4208.0
0 days 00:00:32.741000,174.0,44.0,False,9072.0,5,0,5122.223687846387,4202.038625692334
0 days 00:00:32.882000,175.17499946666666,52.812495999999996,False,9211.824936533334,5,0,5054.0,4192.0
0 days 00:00:32.981000,176.0,59.0,False,9310.0,5,0,5004.501631375118,4188.031061275741
0 days 00:00:32.982000,176.0187488,59.046872,False,9310.1499904,5,0,5004.0,4188.0
0 days 00:00:33.301000,182.0,74.0,False,9358.0,5,0,4843.50950922064,4184.9928030720475
0 days 00:00:33.302000,182.01499904,73.99500032,False,9359.28991744,5,0,4843.0,4185.0
0 days 00:00:33.462000,184.41499904,73.19500032,False,9565.68991744,5,0,4761.0,4187.0
0 days 00:00:33.501000,185.0,73.0,False,9616.0,5,0,4741.034065352697,4187.550767319983
0 days 00:00:33.661000,187.0,82.0,False,9756.0,5,0,4659.317002898734,4189.607035848375
0 days 00:00:33.722000,188.5249984,82.30499968,False,9812.11994112,5,0,4628.0,4190.0
0 days 00:00:33.861000,192.0,83.0,False,9940.0,5,0,4555.884111688266,4189.693542096278
0 days 00:00:33.902000,192.81999872,76.85000959999999,False,9928.52001792,5,0,4534.0,4189.0
0 days 00:00:34.002000,194.81999872,61.8500096,False,9900.52001792,5,0,4480.0,4186.0
0 days 00:00:34.061000,196.0,53.0,False,9884.0,5,0,4450.1686829479395,4183.713561148317
0 days 00:00:34.302000,196.86071405714284,48.69642971428571,False,10008.803538285714,5,0,4337.0,4169.0
0 days 00:00:34.341000,197.0,48.0,False,10029.0,5,0,4316.86570780226,4165.247190514131
0 days 00:00:34.462000,195.70357211428572,46.271429485714286,False,10009.121439085715,5,0,4252.0,4151.0
0 days 00:00:34.621000,194.0,44.0,False,9983.0,5,0,4169.708616771208,4126.625995246139
0 days 00:00:34.642000,194.20999936,45.0499968,False,10001.374944,5,0,4159.0,4123.0
0 days 00:00:34.821000,196.0,54.0,False,10158.0,5,0,4068.502534149829,4088.217829246463
0 days 00:00:34.822000,196.00499968,54.09499392,False,10158.5499648,5,0,4068.0,4088.0
0 days 00:00:35.021000,197.0,73.0,False,10268.0,5,0,3968.556821435195,4039.0199395117374
0 days 00:00:35.381000,203.0,100.0,False,10689.0,5,0,3792.3882163964527,3922.5287410518163
0 days 00:00:35.763000,212.5500032,100.0,False,11121.354690327273,5,0,3632.0,3774.0
0 days 00:00:36.003000,218.5500032,100.0,False,11392.991053963637,5,0,3547.0,3669.0
0 days 00:00:36.243000,224.5500032,100.0,False,11664.6274176,5,0,3459.0,3547.0
0 days 00:00:36.261000,225.0,100.0,False,11685.0,5,0,3452.550277571775,3537.5171132153378
0 days 00:00:36.423000,228.0374976,97.30000213333334,False,11602.9875648,5,0,3396.0,3451.0
0 days 00:00:36.683000,232.9125024,92.96666453333333,False,11471.3624352,5,0,3308.0,3308.0
0 days 00:00:36.741000,234.0,92.0,False,11442.0,5,0,3288.6807866500117,3275.7513208047017
0 days 00:00:36.843000,227.624992,33.3499264,False,11397.374944,5,0,3255.0,3219.0
0 days 00:00:36.901000,224.0,0.0,True,11372.0,5,0,3236.0548157614794,3186.8517292074525
0 days 00:00:37.003000,216.9874912,0.0,True,10975.155752,5,0,3204.0,3132.0
0 days 00:00:37.221000,202.0,0.0,True,10127.0,5,0,3142.8930329753916,3026.433930482192
0 days 00:00:37.283000,197.3499904,0.0,True,9919.60957184,5,0,3121.0,2991.0
0 days 00:00:37.421000,187.0,0.0,True,9458.0,5,0,3060.564641939465,2897.7510397487213
0 days 00:00:37.503000,183.9250048,0.0,True,9799.8369664,5,0,3030.0,2852.0
0 days 00:00:37.581000,181.0,0.0,True,10125.0,5,0,3010.878351720474,2824.330911536311
0 days 00:00:37.763000,165.0749888,0.0,True,10557.250304,5,0,2985.0,2791.0
0 days 00:00:37.821000,160.0,0.0,True,10695.0,4,0,2973.1754374366633,2775.7508866422054
0 days 00:00:38.143000,148.4044346866588,0.0,True,10042.080476202633,4,0,2883.0,2661.0
0 days 00:00:38.182000,147.0,0.0,True,9963.0,3,0,2872.596922301295,2648.731068596387
0 days 00:00:38.263000,140.11500544,0.0,True,9622.8002688,3,0,2852.0,2625.0
0 days 00:00:38.382000,130.0,0.0,True,9123.0,3,0,2824.3247322532225,2593.132416083007
0 days 00:00:38.542000,118.0,0.0,True,8323.0,3,0,2784.0,2553.0
0 days 00:00:38.762000,110.66666666666667,0.0,True,7446.666666666667,3,0,2712.0,2501.0
0 days 00:00:38.782000,110.0,0.0,True,7367.0,3,0,2706.5664143378485,2497.6407146495058
0 days 00:00:38.982000,102.0,0.0,True,7037.0,3,0,2667.999043005012,2479.562207926109
0 days 00:00:39.102000,98.65738221149732,0.0,True,6815.384440622272,3,0,2646.0,2473.0
0 days 00:00:39.341000,92.0,0.0,True,6374.0,3,0,2587.4164439227134,2459.143664006613
0 days 00:00:39.382000,91.31666773333333,0.0,True,6308.9126016,3,0,2575.0,2458.0
0 days 00:00:39.581000,88.0,0.0,False,5993.0,3,0,2510.257583414261,2459.4542256167933
0 days 00:00:39.602000,87.58000128,0.0,False,5961.18509696,3,0,2505.0,2460.0
0 days 00:00:39.781000,84.0,0.0,False,5690.0,3,0,2478.3135006451516,2467.061774237951
0 days 00:00:39.862000,82.71136465454545,0.0,False,5627.409140363637,3,0,2468.0,2474.0
0 days 00:00:40.221000,77.0,0.0,False,5350.0,3,0,2403.9659080409924,2534.43697104896
0 days 00:00:40.242000,76.91250026666667,1.3999957333333333,False,5414.5748032,3,0,2401.0,2538.0
0 days 00:00:40.461000,76.0,16.0,False,6088.0,3,0,2378.7525181142637,2572.1493909802653
0 days 00:00:40.502000,76.29285668571428,16.0,False,6063.107181714286,3,0,2375.0,2579.0
0 days 00:00:40.741000,78.0,16.0,False,5918.0,3,0,2351.6782542466945,2624.6944499661645
0 days 00:00:40.802000,78.65357074285714,17.5249984,False,5964.621379657143,3,0,2346.0,2637.0
0 days 00:00:41.021000,81.0,23.0,False,6132.0,3,0,2327.6784559472103,2681.877386748232
0 days 00:00:41.082000,81.91499904,24.82999808,False,6208.55491968,3,0,2323.0,2695.0
0 days 00:00:41.221000,84.0,29.0,False,6383.0,3,0,2312.9398013420678,2726.200661633977
0 days 00:00:41.302000,84.89999928888889,31.24999822222222,False,6495.049911466666,3,0,2308.0,2744.0
0 days 00:00:41.502000,87.1222215111111,36.805553777777774,False,6771.716578133333,3,0,2299.0,2791.0
0 days 00:00:41.581000,88.0,39.0,False,6881.0,3,0,2295.4500364884225,2820.5337573668603
0 days 00:00:41.722000,91.5249984,44.5392832,False,7037.107072,3,0,2290.0,2876.0
0 days 00:00:41.861000,95.0,50.0,False,7191.0,3,0,2288.3171536727223,2903.024231114936
0 days 00:00:42.003000,99.7333376,54.338892799999996,False,7461.194688,3,0,2289.0,2924.0
0 days 00:00:42.221000,107.0,61.0,False,7876.0,3,0,2291.7029975664514,2986.8844095620743
0 days 00:00:42.303000,110.0749952,64.33124480000001,False,8169.405792,3,0,2293.0,3012.0
0 days 00:00:42.503000,117.5749952,72.45624480000001,False,8885.030792,3,0,2298.0,3075.0
0 days 00:00:42.541000,119.0,74.0,False,9021.0,3,0,2300.080463322216,3092.32845052187
0 days 00:00:42.743000,129.0999936,84.0999936,False,9762.788418844444,3,0,2315.0,3200.0
0 days 00:00:42.901000,137.0,92.0,False,10343.0,3,0,2322.189067882964,3248.2069174933745
0 days 00:00:43.143000,141.3214262857143,98.91428205714286,False,11005.04250697143,3,0,2331.0,3299.0
0 days 00:00:43.181000,142.0,100.0,False,11109.0,3,0,2333.2973034906368,3312.233443121403
0 days 00:00:43.283000,147.95000746666668,100.0,False,11204.200119466666,3,0,2341.0,3355.0
0 days 00:00:43.421000,156.0,100.0,False,11333.0,3,0,2355.9733047194695,3428.432358963967
0 days 00:00:43.603000,166.2375072,100.0,False,10991.74976,3,0,2378.0,3530.0
0 days 00:00:43.741000,174.0,100.0,False,10733.0,3,0,2390.864217865343,3589.1510259994657
0 days 00:00:43.941000,182.0,100.0,False,10968.0,4,0,2406.0322079067846,3658.5826103175946
0 days 00:00:44.043000,186.4625056,100.0,False,11280.375392,4,0,2416.0,3704.0
0 days 00:00:44.101000,189.0,100.0,False,11458.0,4,0,2422.494019118597,3733.5558536629733
0 days 00:00:44.123000,189.0,100.0,False,11469.99006976,4,0,2425.0,3745.0
0 days 00:00:44.301000,189.0,100.0,False,11567.0,4,0,2444.891262853706,3837.116083090301
0 days 00:00:44.383000,191.9611064888889,100.0,False,11357.672548977778,4,0,2454.0,3880.0
0 days 00:00:44.603000,199.90556017777777,100.0,False,10796.060784355555,4,0,2479.0,3998.0
0 days 00:00:44.661000,202.0,100.0,False,10648.0,5,0,2486.04276119368,4029.8919706682727
0 days 00:00:44.883000,209.6074825385635,100.0,False,10935.701157822037,5,0,2515.0,4155.0
0 days 00:00:44.982000,213.0,100.0,False,11064.0,5,0,2528.811811584607,4212.283401169833
0 days 00:00:45.082000,216.33333333333334,100.0,False,11188.583333333334,5,0,2543.0,4271.0
0 days 00:00:45.182000,219.66666666666666,100.0,False,11313.166666666666,5,0,2557.0,4330.0
0 days 00:00:45.222000,221.0,100.0,False,11363.0,5,0,2562.3786370908347,4352.898611980725
0 days 00:00:45.422000,226.0,100.0,False,11563.0,5,0,2588.568240295371,4467.518365933756
0 days 00:00:45.482000,227.125,100.0,False,11673.625,5,0,2598.0,4511.0
0 days 00:00:45.582000,229.0,100.0,False,11858.0,5,0,2616.0539757459906,4596.408581213874
0 days 00:00:45.742000,229.80401984192326,100.0,False,11745.437222130742,5,0,2645.0,4737.0
0 days 00:00:45.781000,230.0,100.0,False,11718.0,5,0,2650.506080292959,4764.289991484615
0 days 00:00:45.981000,236.0,100.0,False,10731.0,6,0,2668.971259508859,4860.136514898105
0 days 00:00:46.162000,239.87857005714287,100.0,False,10862.871381942858,6,0,2684.0,4945.0
0 days 00:00:46.261000,242.0,100.0,False,10935.0,6,0,2694.7285206316933,5006.637260271047
0 days 00:00:46.322000,243.30714148571428,100.0,False,10927.157151085714,6,0,2702.0,5051.0
0 days 00:00:46.541000,248.0,100.0,False,10899.0,6,0,2729.0030945438775,5237.791861552065
0 days 00:00:46.562000,247.4750016,94.750016,False,10874.22007552,6,0,2731.0,5253.0
0 days 00:00:46.822000,240.9750016,29.750016000000002,False,10567.42007552,6,0,2745.0,5388.0
0 days 00:00:46.941000,238.0,0.0,True,10427.0,6,0,2748.8309529420762,5449.921357090404
0 days 00:00:47.102000,234.64583466666667,0.0,True,10152.629275733334,6,0,2753.0,5537.0
0 days 00:00:47.181000,233.0,0.0,True,10018.0,6,0,2754.8339948883295,5577.735862172062
0 days 00:00:47.381000,224.0,0.0,True,9620.0,6,0,2753.0113486822734,5695.474088542706
0 days 00:00:47.422000,221.74500352,0.0,True,9768.21476864,6,0,2749.0,5731.0
0 days 00:00:47.562000,214.04500352,0.0,True,10274.31476864,6,0,2728.0,5869.0
0 days 00:00:47.581000,213.0,0.0,True,10343.0,6,0,2725.5278283534026,5883.371193906711
0 days 00:00:47.821000,198.0,0.0,True,10843.0,5,0,2704.5428874894715,5962.743021243538
0 days 00:00:47.862000,195.77917013333334,0.0,True,10853.079150933334,5,0,2699.0,5977.0
0 days 00:00:48.061000,185.0,0.0,True,10902.0,4,0,2656.813820647949,6085.934409482375
0 days 00:00:48.221000,175.0,0.0,True,10885.0,4,0,2619.210670187914,6177.519700408755
0 days 00:00:48.222000,174.968752,0.0,True,10888.9747456,4,0,2619.0,6178.0
0 days 00:00:48.381000,170.0,0.0,True,11521.0,4,0,2589.3466790636894,6239.823115855405
0 days 00:00:48.603000,155.19999146666666,0.0,True,10958.599675733334,4,0,2542.0,6311.0
0 days 00:00:48.621000,154.0,0.0,True,10913.0,3,0,2536.6261343967685,6318.182570737518
0 days 00:00:48.863000,141.03572114285714,0.0,True,10077.236156342857,3,0,2455.0,6420.0
0 days 00:00:48.901000,139.0,0.0,True,9946.0,3,0,2445.269070570185,6431.242131177361
0 days 00:00:49.061000,135.0,0.0,True,9896.0,3,0,2417.317385562311,6459.877768428745
0 days 00:00:49.183000,131.187504,0.0,True,9042.000896,3,0,2397.0,6478.0
0 days 00:00:49.221000,130.0,0.0,True,8776.0,3,0,2389.6206458191705,6484.537604641715
0 days 00:00:49.483000,113.15713462857143,0.0,True,9368.307432228572,3,0,2318.0,6540.0
0 days 00:00:49.501000,112.0,0.0,True,9409.0,3,0,2310.879570116196,6544.335855173375
0 days 00:00:49.703000,104.4250048,0.0,True,8835.8253632,3,0,2226.0,6590.0
0 days 00:00:49.741000,103.0,0.0,True,8728.0,2,0,2216.034108440419,6594.958629563346
0 days 00:00:49.981000,100.0,0.0,True,7854.0,2,0,2189.8032853287696,6603.197132968933
0 days 00:00:50.003000,98.8999936,0.0,True,7805.37971712,2,0,2186.0,6604.0
0 days 00:00:50.163000,90.8999936,0.0,True,7451.77971712,2,0,2147.0,6612.0
0 days 00:00:50.181000,90.0,0.0,True,7412.0,2,0,2142.4847024829746,6612.640704759598
0 days 00:00:50.341000,84.0,0.0,True,7058.0,2,0,2105.1501234335497,6614.28603618085
0 days 00:00:50.443000,82.58333155555556,0.0,True,6955.433204622223,2,0,2083.0,6612.0
0 days 00:00:50.663000,79.52777955555555,0.0,True,6734.2112398222225,2,0,2038.0,6599.0
0 days 00:00:50.701000,79.0,0.0,False,6696.0,2,0,2030.5854804751443,6595.654743082164
0 days 00:00:50.843000,77.47857005714286,0.0,False,6545.885578971429,2,0,2004.0,6580.0
0 days 00:00:50.981000,76.0,0.0,False,6400.0,2,0,1980.4765848932796,6559.131629126665
0 days 00:00:51.181000,75.0,12.0,False,6442.0,2,0,1950.5509671270136,6518.823415448018
0 days 00:00:51.382000,72.0,21.0,False,5692.0,3,0,1925.4857361634,6467.985053197528
0 days 00:00:51.662000,75.0,23.0,False,5700.0,3,0,1899.6353009899703,6407.287554658682
0 days 00:00:51.762000,75.625,25.1875,False,5782.5,3,0,1893.0,6390.0
0 days 00:00:51.982000,77.0,30.0,False,5964.0,3,0,1883.204416240608,6360.0697684751285
0 days 00:00:52.182000,81.28571428571429,40.0,False,6259.0,3,0,1876.0,6329.0
0 days 00:00:52.262000,83.0,44.0,False,6377.0,3,0,1872.5880710715403,6312.239856491355
0 days 00:00:52.422000,90.0,44.0,False,6657.0,3,0,1864.983818103689,6272.954335571424
0 days 00:00:52.482000,91.67130889425134,47.84401045677808,False,6848.030606612928,3,0,1862.0,6258.0
0 days 00:00:52.582000,94.45682371800358,54.250694551408216,False,7166.414950967808,3,0,1857.0,6233.0
0 days 00:00:52.781000,100.0,67.0,False,7800.0,3,0,1848.581166038073,6178.6382722140115
0 days 00:00:52.822000,102.1781216,68.4093728,False,7911.8529504,3,0,1847.0,6167.0
0 days 00:00:53.062000,114.9281216,76.6593728,False,8566.6029504,3,0,1838.0,6096.0
0 days 00:00:53.101000,117.0,78.0,False,8673.0,3,0,1836.4338196961091,6083.436593870383
0 days 00:00:53.282000,125.59749696,82.97749824,False,9196.08981504,3,0,1829.0,6024.0
0 days 00:00:53.501000,136.0,89.0,False,9829.0,3,0,1820.225385294135,5951.26587971937
0 days 00:00:53.522000,136.87499733333334,89.5249984,False,9940.212161066667,3,0,1819.0,5940.0
0 days 00:00:53.702000,144.37499733333334,94.0249984,False,10893.462161066667,3,0,1806.0,5814.0
0 days 00:00:53.741000,146.0,95.0,False,11100.0,3,0,1803.537695635588,5788.94461262795
0 days 00:00:54.101000,165.0,100.0,False,10442.0,3,0,1790.4871103438427,5638.976877408774
0 days 00:00:54.162000,167.59249728,100.0,False,10544.78489216,3,0,1789.0,5622.0
0 days 00:00:54.501000,182.0,100.0,False,11116.0,4,0,1780.0424930468043,5515.617931826315
0 days 00:00:54.502000,182.0124992,100.0,False,11117.4290752,4,0,1780.0,5515.0
0 days 00:00:54.741000,185.0,100.0,False,11459.0,4,0,1768.0402751384738,5330.617393190268
0 days 00:00:54.742000,185.0458304,100.0,False,11460.0332672,4,0,1768.0,5330.0
0 days 00:00:54.981000,196.0,100.0,False,11707.0,4,0,1762.2477316720544,5246.3199269036795
0 days 00:00:55.082000,198.16428434285714,100.0,False,11335.103807085714,4,0,1760.0,5210.0
0 days 00:00:55.261000,202.0,100.0,False,10676.0,5,0,1754.3122807436182,5108.786943669682
0 days 00:00:55.343000,205.0749952,100.0,False,10772.8623488,5,0,1751.0,5051.0
0 days 00:00:55.581000,214.0,100.0,False,11054.0,5,0,1739.8732480066058,4864.963221647209
0 days 00:00:55.603000,214.7333376,100.0,False,11087.5501952,5,0,1739.0,4850.0
0 days 00:00:55.821000,222.0,100.0,False,11420.0,5,0,1732.9381564220494,4737.872360497628
0 days 00:00:56.021000,227.0,100.0,False,11617.0,5,0,1728.3621724089576,4650.46120154719
0 days 00:00:56.063000,227.83999744,100.0,False,11577.52012032,5,0,1727.0,4627.0
0 days 00:00:56.221000,231.0,100.0,False,11429.0,5,0,1721.0700876816024,4527.248051127123
0 days 00:00:56.223000,231.0333312,100.0,False,11422.7170688,5,0,1721.0,4526.0
0 days 00:00:56.443000,234.70000213333333,100.0,False,10731.549597866666,5,0,1714.0,4384.0
0 days 00:00:56.461000,235.0,100.0,False,10675.0,6,0,1713.311794685683,4369.0071023339915
0 days 00:00:56.683000,238.70000213333333,100.0,False,10819.3000832,6,0,1704.0,4163.0
0 days 00:00:56.821000,241.0,100.0,False,10909.0,6,0,1700.7380004111374,4092.2505735226337
0 days 00:00:57.003000,244.50000246153846,100.0,False,11026.950082953847,6,0,1698.0,4035.0
0 days 00:00:57.303000,250.26922830769232,100.0,False,11221.372993969231,6,0,1688.0,3829.0
0 days 00:00:57.341000,251.0,100.0,False,11246.0,6,0,1685.4008992562203,3777.8641111037255
0 days 00:00:57.443000,252.70000213333333,100.0,False,11302.950071466666,6,0,1678.0,3633.0
0 days 00:00:57.701000,257.0,100.0,False,11447.0,6,0,1672.0583208133773,3509.332263171557
0 days 00:00:57.823000,258.14018594695295,100.0,False,11508.189979153141,6,0,1670.0,3463.0
0 days 00:00:58.003000,259.82243166553155,100.0,False,11598.470499383526,6,0,1664.0,3334.0
0 days 00:00:58.022000,260.0,100.0,False,11608.0,6,0,1663.3362063843535,3319.4086242047765
0 days 00:00:58.282000,263.7142857142857,100.0,False,10616.285714285714,6,0,1655.0,3131.0
0 days 00:00:58.302000,264.0,100.0,False,10540.0,6,0,1654.4336831911478,3118.518144875607
0 days 00:00:58.522000,264.9166666666667,100.0,False,10603.25,6,0,1647.0,2955.0
0 days 00:00:58.542000,265.0,100.0,False,10609.0,7,0,1645.8612502433994,2928.9278065062886
0 days 00:00:58.662000,266.5,100.0,False,10651.375,7,0,1638.0,2747.0
0 days 00:00:58.862000,269.0,100.0,False,10722.0,7,0,1629.6090846647633,2553.3666995502913
0 days 00:00:59.122000,271.4451405752696,100.0,False,10842.626935046634,7,0,1624.0,2431.0
0 days 00:00:59.181000,272.0,100.0,False,10870.0,7,0,1622.5615759379236,2401.3083122354515
0 days 00:00:59.341000,273.0,100.0,False,10884.0,7,0,1618.3150638779616,2316.362504342495
0 days 00:00:59.542000,274.6749994666667,100.0,False,10987.849966933334,7,0,1612.0,2189.0
0 days 00:00:59.581000,275.0,100.0,False,11008.0,7,0,1610.6258833696354,2160.6542728190852
0 days 00:00:59.682000,275.75749952,100.0,False,11025.6749888,7,0,1607.0,2085.0
0 days 00:00:59.902000,277.40749952,100.0,False,11064.1749888,7,0,1599.0,1915.0
0 days 00:00:59.981000,278.0,100.0,False,11078.0,7,0,1594.6278133806966,1823.5454141521113
0 days 00:01:00.162000,279.80999936,100.0,False,11118.7249856,7,0,1584.0,1605.0
0 days 00:01:00.181000,280.0,100.0,False,11123.0,7,0,1583.2473892693165,1590.0484635874793
0 days 00:01:00.442000,281.86428525714285,100.0,False,11154.69284937143,7,0,1578.0,1495.0
0 days 00:01:00.461000,282.0,100.0,False,11157.0,7,0,1577.5714964244762,1486.8106291229533
0 days 00:01:00.621000,283.0,100.0,False,11152.0,7,0,1572.8661816884353,1392.1321527976365
0 days 00:01:00.802000,283.90499968,100.0,False,11197.249984,7,0,1564.0,1213.0
0 days 00:01:00.821000,284.0,100.0,False,11202.0,7,0,1562.785428115697,1188.836143417006
0 days 00:01:00.982000,281.9875008,32.91669333333333,False,11138.270858666667,7,0,1552.0,976.0
0 days 00:01:01.061000,281.0,0.0,False,11107.0,7,0,1548.6931171101392,911.5741876678471
0 days 00:01:01.341000,273.0,0.0,False,10538.0,7,0,1542.1742100167785,798.2125943304749
0 days 00:01:01.362000,272.38750186666664,0.0,False,10508.8625888,7,0,1541.0,778.0
0 days 00:01:01.562000,266.5541685333333,0.0,False,10231.3625888,7,0,1526.0,513.0
0 days 00:01:01.581000,266.0,0.0,True,10205.0,7,0,1524.8492520904128,490.8446722570292
0 days 00:01:01.821000,244.0,0.0,True,9544.0,7,0,1517.9831204921766,312.44276955234005
0 days 00:01:01.963000,236.8999936,0.0,True,10033.0129408,7,0,1517.0,247.0
0 days 00:01:01.981000,236.0,0.0,True,10095.0,7,0,1516.9211582418623,239.256770622218
0 days 00:01:02.221000,219.0,0.0,True,10520.0,7,0,1516.856580000967,147.8620840712952
0 days 00:01:02.381000,204.0,0.0,True,10541.0,6,0,1518.892223065448,88.35250617209498
0 days 00:01:02.463000,197.8500096,0.0,True,10560.7312192,6,0,1521.0,54.0
0 days 00:01:02.683000,181.3499904,0.0,True,10613.6687808,6,0,1533.0,-58.0
0 days 00:01:02.701000,180.0,0.0,True,10618.0,5,0,1534.9686485480452,-69.88241182453066
0 days 00:01:02.883000,173.62999552,0.0,True,10205.76971008,5,0,1561.0,-200.0
0 days 00:01:02.901000,173.0,0.0,True,10165.0,4,0,1563.3645824572802,-210.3623751594348
0 days 00:01:03.261000,168.0,0.0,False,9718.0,4,0,1601.0519560008966,-321.92564268678586
0 days 00:01:03.283000,167.6333312,0.0,False,9700.583232,4,0,1604.0,-329.0
0 days 00:01:03.443000,164.96666453333333,0.0,False,9573.916565333333,4,0,1634.0,-391.0
0 days 00:01:03.501000,164.0,0.0,False,9528.0,4,0,1653.7339174490487,-417.9186435445749
0 days 00:01:03.661000,161.0,0.0,False,9303.0,4,0,1728.7181726165659,-497.92761836705336
0 days 00:01:03.723000,160.06999808,0.31000064,False,9266.72992512,4,0,1754.0,-522.0
0 days 00:01:03.861000,158.0,1.0,False,9186.0,4,0,1795.614490712174,-556.1929247675891
0 days 00:01:04.143000,151.8312528,30.9624864,False,9129.6000256,4,0,1861.0,-584.0
0 days 00:01:04.181000,151.0,35.0,False,9122.0,4,0,1874.5930137771193,-589.8953811580458
0 days 00:01:04.323000,151.0,42.987507199999996,False,9148.625024,4,0,1933.0,-615.0
0 days 00:01:04.341000,151.0,44.0,False,9152.0,4,0,1940.4832061932434,-617.9649701589204
0 days 00:01:04.542000,153.0,48.0,False,9388.0,4,0,2022.8013555852638,-645.4621972663361
0 days 00:01:04.602000,153.9,50.1,False,9436.9,4,0,2047.0,-651.0
0 days 00:01:04.642000,154.5,51.5,False,9469.5,4,0,2063.0,-654.0
0 days 00:01:04.742000,156.0,55.0,False,9551.0,4,0,2101.216136568053,-661.2372561029051
0 days 00:01:04.962000,157.83333333333334,67.83333333333333,False,9844.333333333334,4,0,2200.0,-670.0
0 days 00:01:04.982000,158.0,69.0,False,9871.0,4,0,2212.566754562422,-669.58684110969
0 days 00:01:05.182000,163.0,73.16666666666667,False,10099.333333333334,4,0,2353.0,-657.0
0 days 00:01:05.222000,164.0,74.0,False,10145.0,4,0,2375.06188046433,-654.1507566281682
0 days 00:01:05.502000,171.0,83.0,False,10615.0,4,0,2459.3309999650596,-633.8930150273262
0 days 00:01:05.642000,173.91666666666666,83.58333333333333,False,10729.916666666666,4,0,2509.0,-617.0
0 days 00:01:05.662000,174.33333333333334,83.66666666666667,False,10746.333333333334,4,0,2518.0,-614.0
0 days 00:01:05.742000,176.0,84.0,False,10812.0,4,0,2559.4265072595754,-597.8302413660647
0 days 00:01:05.981000,181.0,100.0,False,10068.0,4,0,2712.8364726699833,-521.8992028226597
0 days 00:01:06.042000,182.96071222857142,100.0,False,10050.78930377143,4,0,2744.0,-505.0
0 days 00:01:06.261000,190.0,100.0,False,9989.0,5,0,2815.5205492515956,-460.83481898634557
0 days 00:01:06.442000,194.97749824,100.0,False,10227.01491584,5,0,2865.0,-421.0
0 days 00:01:06.661000,201.0,100.0,False,10515.0,5,0,2949.4957364044362,-346.81303694598296
0 days 00:01:06.702000,202.0249984,100.0,False,10541.265584,5,0,2966.0,-331.0
0 days 00:01:06.981000,209.0,100.0,False,10720.0,5,0,3074.593290018511,-212.36033028345372
0 days 00:01:07.182000,214.74285531428572,100.0,False,11107.642733714285,5,0,3146.0,-117.0
0 days 00:01:07.261000,217.0,100.0,False,11260.0,5,0,3171.9987087908416,-77.61574274112097
0 days 00:01:07.382000,220.5291648,100.0,False,11375.4541056,5,0,3210.0,-15.0
0 days 00:01:07.501000,224.0,100.0,False,11489.0,5,0,3245.946696012807,49.62949422462596
0 days 00:01:07.642000,225.7624992,100.0,False,11639.6936816,5,0,3286.0,129.0
0 days 00:01:07.661000,226.0,100.0,False,11660.0,5,0,3291.116423209987,139.8182647267047
0 days 00:01:07.862000,231.0249984,100.0,False,11212.318324363636,5,0,3342.0,256.0
0 days 00:01:08.042000,235.5249984,100.0,False,10811.409233454546,5,0,3386.0,364.0
0 days 00:01:08.101000,237.0,100.0,False,10680.0,6,0,3400.778303495078,401.885816673485
0 days 00:01:08.303000,237.84166613333332,100.0,False,10806.24992,6,0,3452.0,536.0
0 days 00:01:08.341000,238.0,100.0,False,10830.0,6,0,3461.3503605123483,559.9736338357533
0 days 00:01:08.463000,240.71110826666666,99.32222293333334,False,10910.655470933334,6,0,3492.0,635.0
0 days 00:01:08.701000,246.0,98.0,False,11068.0,6,0,3564.8609534626444,783.7015314379472
0 days 00:01:08.803000,246.51000064,84.73998336,False,10981.80989184,6,0,3595.0,839.0
0 days 00:01:08.901000,247.0,72.0,False,10899.0,6,0,3621.150221712485,884.1651054299978
0 days 00:01:08.983000,246.7071433142857,69.9500032,False,10853.021500342857,6,0,3653.0,932.0
0 days 00:01:09.181000,246.0,65.0,False,10742.0,6,0,3787.0558297308794,1112.2316154531434
0 days 00:01:09.203000,245.8624992,64.9312496,False,10754.3063216,6,0,3800.0,1129.0
0 days 00:01:09.501000,244.0,64.0,False,10921.0,6,0,3886.3799502033658,1225.9530665329955
0 days 00:01:09.623000,243.2375008,64.0,False,10797.4751296,6,0,3929.0,1262.0
0 days 00:01:09.661000,243.0,64.0,False,10759.0,6,0,3947.199716387212,1277.6892037620987
0 days 00:01:09.703000,242.7375008,63.8687504,False,10752.43752,6,0,3969.0,1296.0
0 days 00:01:09.943000,241.2375008,63.1187504,False,10714.93752,6,0,4100.0,1387.0
0 days 00:01:09.981000,241.0,63.0,False,10709.0,6,0,4119.830326184507,1399.2492761290705
0 days 00:01:10.221000,238.0,64.0,False,10535.0,6,0,4259.9512777497,1471.967247104813
0 days 00:01:10.243000,237.88999936,64.5500032,False,10541.98504064,6,0,4279.0,1480.0
0 days 00:01:10.403000,237.08999936,68.5500032,False,10592.78504064,6,0,4439.0,1542.0
0 days 00:01:10.621000,236.0,74.0,False,10662.0,6,0,4555.127441767597,1580.0954189157271
0 days 00:01:10.803000,236.41363665454546,76.48181992727272,False,10657.4499968,6,0,4629.0,1593.0
0 days 00:01:11.003000,236.8681821090909,79.20909265454546,False,10652.4499968,6,0,4758.0,1611.0
0 days 00:01:11.061000,237.0,80.0,False,10651.0,6,0,4796.490616718379,1613.7636926717714
0 days 00:01:11.222000,237.50155753302082,82.00623013208326,False,10712.19001902854,6,0,4902.0,1614.0
0 days 00:01:11.382000,238.0,84.0,False,10773.0,6,0,5008.688849212919,1604.9877569137343
0 days 00:01:11.442000,238.42857142857142,84.64285714285714,False,10780.07142857143,6,0,5047.0,1600.0
0 days 00:01:11.622000,239.71428571428572,86.57142857142857,False,10801.285714285714,6,0,5164.0,1576.0
0 days 00:01:11.662000,240.0,87.0,False,10806.0,6,0,5198.22578458566,1565.429467879661
0 days 00:01:11.862000,241.0,88.0,False,10897.0,6,0,5399.745809435247,1490.8961939422845
0 days 00:01:11.902000,241.33333333333334,88.33333333333333,False,10900.666666666666,6,0,5430.0,1479.0
0 days 00:01:12.102000,243.0,90.0,False,10919.0,6,0,5502.221818673978,1447.6902336436885
0 days 00:01:12.302000,244.36363636363637,82.72727272727273,False,10895.818181818182,6,0,5594.0,1399.0
0 days 00:01:12.482000,245.5909090909091,76.18181818181819,False,10874.954545454546,6,0,5795.0,1299.0
0 days 00:01:12.542000,246.0,74.0,False,10868.0,6,0,5852.763132370663,1270.7266345810544
0 days 00:01:12.821000,243.0,51.0,True,10714.0,6,0,6011.037121595863,1196.4092812766603
0 days 00:01:12.962000,234.6281288,28.528135199999998,True,10440.812624,6,0,6063.0,1172.0
0 days 00:01:13.141000,224.0,0.0,True,10094.0,6,0,6121.032786072203,1143.2021884012527
0 days 00:01:13.222000,219.37143222857142,0.0,True,10038.891114971428,6,0,6152.0,1127.0
0 days 00:01:13.522000,202.22857508571428,0.0,True,9834.783972114286,6,0,6302.0,1043.0
0 days 00:01:13.742000,189.65714651428573,0.0,True,9685.105400685714,6,0,6396.0,979.0
0 days 00:01:14.022000,173.65714651428573,0.0,True,9494.605400685714,6,0,6496.0,891.0
0 days 00:01:14.202000,163.37143222857142,0.0,True,9372.14111497143,6,0,6569.0,803.0
0 days 00:01:14.261000,160.0,0.0,True,9332.0,4,0,6587.701629588758,774.995114964909
0 days 00:01:14.501000,152.0,0.0,True,9041.0,4,0,6630.089640688849,675.1852631535279
0 days 00:01:14.622000,150.18500096,0.0,True,8804.44512512,4,0,6642.0,633.0
0 days 00:01:14.701000,149.0,0.0,False,8650.0,4,0,6648.032624626788,608.3315195291254
0 days 00:01:14.943000,145.15000203636365,0.0,False,8447.600107054546,4,0,6660.0,535.0
0 days 00:01:15.141000,142.0,0.0,False,8282.0,4,0,6665.872601037788,455.89534440125476
0 days 00:01:15.163000,141.4499968,0.9625056,False,8268.6624224,4,0,6666.0,447.0
0 days 00:01:15.301000,138.0,7.0,False,8185.0,4,0,6663.742682939775,392.9118468232437
0 days 00:01:15.423000,138.60999936,30.179975680000002,False,8405.20976896,4,0,6658.0,348.0
0 days 00:01:15.501000,139.0,45.0,False,8546.0,4,0,6652.769078350366,320.9124238649627
0 days 00:01:15.663000,140.15714194285715,45.57857097142857,False,8591.707106742857,4,0,6637.0,266.0
0 days 00:01:15.781000,141.0,46.0,False,8625.0,4,0,6619.986994731678,223.52273789875326
0 days 00:01:15.863000,142.36666453333333,48.0499968,False,8690.5998976,4,0,6606.0,194.0
0 days 00:01:16.063000,145.69999786666668,53.0499968,False,8850.5998976,4,0,6566.0,125.0
0 days 00:01:16.141000,147.0,55.0,False,8913.0,4,0,6548.071603810063,98.63392792688691
0 days 00:01:16.283000,149.90454807272727,63.06818909090909,False,9156.336582981818,4,0,6512.0,52.0
0 days 00:01:16.463000,153.5863610181818,73.29544727272727,False,9464.790689745454,4,0,6460.0,-3.0
0 days 00:01:16.581000,156.0,80.0,False,9667.0,4,0,6422.897894822072,-38.78192426080282
0 days 00:01:16.643000,157.69091258181817,81.69091258181818,False,9816.223035345454,4,0,6403.0,-57.0
0 days 00:01:16.903000,164.7818146909091,88.78181469090909,False,10441.995146472727,4,0,6311.0,-131.0
0 days 00:01:17.021000,168.0,92.0,False,10726.0,4,0,6251.62694156406,-171.7167194166288
0 days 00:01:17.123000,172.25000533333332,94.26666951111112,False,10889.766872177777,4,0,6202.0,-204.0
0 days 00:01:17.381000,183.0,100.0,False,11304.0,4,0,6115.194870736494,-254.526688117746
0 days 00:01:17.403000,184.1000064,100.0,False,11353.9127904,4,0,6107.0,-259.0
0 days 00:01:17.541000,191.0,100.0,False,11667.0,4,0,6047.10688259213,-291.39663708790096
0 days 00:01:17.702000,194.0,100.0,False,11527.0,4,0,5967.2324910909665,-334.4502484251301
0 days 00:01:17.723000,194.75000685714286,100.0,False,11461.824404114286,4,0,5957.0,-340.0
0 days 00:01:17.822000,198.28571428571428,100.0,False,11154.57142857143,4,0,5909.0,-366.0
0 days 00:01:17.982000,204.0,100.0,False,10658.0,5,0,5828.68917644639,-407.96409931831465
0 days 00:01:18.002000,204.66666666666666,100.0,False,10684.916666666666,5,0,5819.0,-413.0
0 days 00:01:18.222000,212.0,100.0,False,10981.0,5,0,5714.292377188916,-467.67105100038975
0 days 00:01:18.282000,213.5,100.0,False,11045.5,5,0,5675.0,-488.0
0 days 00:01:18.462000,218.0,100.0,False,11239.0,5,0,5519.085720169244,-568.0872651030412
0 days 00:01:18.542000,220.5,100.0,False,11362.0,5,0,5461.0,-598.0
0 days 00:01:18.622000,223.0,100.0,False,11485.0,5,0,5421.104405626973,-618.7259174904328
0 days 00:01:18.782000,226.0,100.0,False,11662.0,5,0,5384.342411207825,-638.443278565492
0 days 00:01:18.882000,228.0,100.0,False,11312.0,5,0,5349.0,-657.0
0 days 00:01:18.982000,230.0,100.0,False,10962.0,5,0,5295.080387666534,-684.9304634977667
0 days 00:01:19.062000,232.25,100.0,False,10894.0,5,0,5247.0,-710.0
0 days 00:01:19.222000,236.75,100.0,False,10758.0,5,0,5155.0,-759.0
0 days 00:01:19.302000,239.0,100.0,False,10690.0,6,0,5108.646633966299,-783.8382407297808
0 days 00:01:19.542000,243.0111413462032,100.0,False,10928.66291009909,6,0,4967.0,-860.0
0 days 00:01:19.661000,245.0,100.0,False,11047.0,6,0,4896.574314674593,-898.0730582736215
0 days 00:01:19.782000,248.0249984,100.0,False,11156.9082752,6,0,4823.0,-938.0
0 days 00:01:19.901000,251.0,100.0,False,11265.0,6,0,4746.636074637672,-979.5865267783894
0 days 00:01:19.982000,252.0124992,100.0,False,11295.374976,6,0,4689.0,-1011.0
0 days 00:01:20.141000,254.0,100.0,False,11355.0,6,0,4559.227903665436,-1081.7167397084536
0 days 00:01:20.222000,255.44642742857144,100.0,False,11427.032085942858,6,0,4504.0,-1112.0
0 days 00:01:20.421000,259.0,100.0,False,11604.0,6,0,4422.795267764778,-1157.4843345987535
0 days 00:01:20.462000,259.5124992,100.0,False,11476.1314496,6,0,4404.0,-1168.0
0 days 00:01:20.702000,262.5124992,100.0,False,10727.6314496,6,0,4252.0,-1252.0
0 days 00:01:20.741000,263.0,100.0,False,10606.0,6,0,4226.288895990619,-1266.065792993402
0 days 00:01:20.901000,265.0,100.0,False,10548.0,7,0,4124.612438945909,-1321.6613888417426
0 days 00:01:20.902000,265.0071424,100.0,False,10548.3821184,7,0,4124.0,-1322.0
0 days 00:01:21.062000,266.14999954285713,100.0,False,10609.524975542858,7,0,4022.0,-1379.0
0 days 00:01:21.181000,267.0,100.0,False,10655.0,7,0,3916.2352094827033,-1438.138690520684
0 days 00:01:21.421000,271.0,100.0,False,10805.0,7,0,3683.0036954435636,-1568.2173982106185
0 days 00:01:21.443000,271.1375008,100.0,False,10809.6750272,7,0,3669.0,-1576.0
0 days 00:01:21.581000,272.0,100.0,False,10839.0,7,0,3614.017592927929,-1606.3824414866644
0 days 00:01:21.743000,274.69999786666665,100.0,False,10907.8499456,7,0,3562.0,-1635.0
0 days 00:01:21.821000,276.0,100.0,False,10941.0,7,0,3515.245606435324,-1660.941756999866
0 days 00:01:21.943000,276.7624992,100.0,False,10979.8874592,7,0,3429.0,-1709.0
0 days 00:01:22.141000,278.0,100.0,False,11043.0,7,0,3307.5141064133395,-1777.2415356248196
0 days 00:01:22.183000,278.5249984,100.0,False,11064.174935466666,7,0,3281.0,-1792.0
0 days 00:01:22.381000,281.0,100.0,False,11164.0,7,0,3146.3705953350427,-1866.240072030582
0 days 00:01:22.383000,281.00999936,100.0,False,11163.9500032,7,0,3145.0,-1867.0
0 days 00:01:22.581000,282.0,100.0,False,11159.0,7,0,3010.8731008319924,-1942.1175501884106
0 days 00:01:22.663000,282.68333226666664,100.0,False,11197.266606933334,7,0,2954.0,-1974.0
0 days 00:01:22.923000,284.85000106666666,100.0,False,11318.600059733333,7,0,2771.0,-2076.0
0 days 00:01:22.941000,285.0,100.0,False,11327.0,7,0,2759.5312203430244,-2082.406258134624
0 days 00:01:23.083000,285.4437504,100.0,False,11366.937536,7,0,2660.0,-2138.0
0 days 00:01:23.261000,286.0,100.0,False,11417.0,7,0,2445.606469646876,-2257.0131974345877
0 days 00:01:23.283000,286.2062512,100.0,False,11416.312496,7,0,2424.0,-2269.0
0 days 00:01:23.581000,289.0,100.0,False,11407.0,7,0,2303.8634466059707,-2335.8581237624144
0 days 00:01:23.623000,289.2624992,100.0,False,11418.2874656,7,0,2284.0,-2347.0
0 days 00:01:23.741000,290.0,100.0,False,11450.0,7,0,2204.8137665032536,-2391.4314095446753
0 days 00:01:23.823000,290.3416661333333,100.0,False,11458.883319466666,7,0,2143.0,-2426.0
0 days 00:01:23.981000,291.0,100.0,False,11476.0,7,0,2031.4584632644,-2487.9308821528043
0 days 00:01:24.063000,291.40999936,100.0,False,11488.2999808,7,0,1974.0,-2520.0
0 days 00:01:24.181000,292.0,100.0,False,11506.0,7,0,1889.0973262916284,-2567.904110373187
0 days 00:01:24.342000,290.76272856178156,84.53410702226978,False,11411.34873497629,7,0,1776.0,-2632.0
0 days 00:01:24.542000,289.22574479774033,65.32180997175392,False,11293.769477027134,7,0,1634.0,-2712.0
0 days 00:01:24.782000,287.3813642808908,42.26705351113489,False,11152.674367488145,7,0,1365.0,-2866.0
0 days 00:01:25.042000,285.38328538763716,17.29106734546427,False,10999.82133215424,7,0,1281.0,-2915.0
0 days 00:01:25.222000,284.0,0.0,False,10894.0,7,0,1158.62821283458,-2984.1796659740185
0 days 00:01:25.262000,281.4,0.0,False,10825.2,7,0,1129.0,-3001.0
0 days 00:01:25.422000,271.0,0.0,True,10550.0,7,0,1019.5460069672818,-3063.76594325889
0 days 00:01:25.602000,255.7,0.0,True,10015.4,7,0,907.0,-3128.0
0 days 00:01:25.622000,254.0,0.0,True,9956.0,7,0,894.6976104651188,-3134.8843588842287
0 days 00:01:25.702000,247.66666666666666,0.0,True,9685.666666666666,7,0,846.0,-3162.0
0 days 00:01:25.862000,235.0,0.0,True,9145.0,7,0,752.165397511142,-3215.0083866377936
0 days 00:01:26.002000,220.96100528828876,0.0,True,9264.72142712487,7,0,675.0,-3259.0
0 days 00:01:26.182000,202.9108692303743,0.0,True,9418.64897628542,7,0,583.0,-3311.0
0 days 00:01:26.221000,199.0,0.0,True,9452.0,7,0,563.6352792526006,-3321.6437231798286
0 days 00:01:26.421000,182.0,0.0,True,9683.0,6,0,468.2696550094673,-3372.2156833324534
0 days 00:01:26.442000,180.57500434285714,0.0,True,9707.6749248,6,0,459.0,-3377.0
0 days 00:01:26.602000,169.71786148571428,0.0,True,9895.6749248,6,0,389.0,-3411.0
0 days 00:01:26.701000,163.0,0.0,True,10012.0,4,0,334.32352305679143,-3432.6463040809895
0 days 00:01:26.882000,153.1958368,0.0,True,9185.4336256,4,0,233.0,-3468.0
0 days 00:01:26.941000,150.0,0.0,True,8916.0,4,0,210.7689944001328,-3475.5286859596863
0 days 00:01:27.141000,142.0,0.0,True,8246.0,4,0,171.0877445274637,-3486.8947140290866
0 days 00:01:27.282000,138.4750016,0.0,True,8030.0137344,4,0,118.0,-3492.0
0 days 00:01:27.482000,133.4750016,0.0,True,7723.6500980363635,4,0,-4.0,-3500.0
0 days 00:01:27.581000,131.0,0.0,False,7572.0,4,0,-30.90198573381239,-3500.8085181549313
0 days 00:01:27.742000,126.9750016,0.0,False,7413.683396266667,4,0,-46.0,-3497.0
0 days 00:01:27.821000,125.0,0.0,False,7336.0,4,0,-64.29877033474384,-3493.152237033315
0 days 00:01:28.083000,122.5437488,0.0,False,7141.1374048,4,0,-160.0,-3466.0
0 days 00:01:28.141000,122.0,0.0,False,7098.0,4,0,-180.68079137755655,-3455.1148310821713
0 days 00:01:28.323000,123.66833450666667,10.161673813333334,False,7290.92013568,4,0,-241.0,-3411.0
0 days 00:01:28.663000,126.78499882666667,29.14499285333333,False,7651.31986432,4,0,-330.0,-3316.0
0 days 00:01:29.043000,130.26833450666666,50.36167381333333,False,8054.12013568,4,0,-383.0,-3243.0
0 days 00:01:29.283000,132.46833450666668,63.76167381333333,False,8308.52013568,4,0,-427.0,-3171.0
0 days 00:01:29.341000,133.0,67.0,False,8370.0,4,0,-437.24876270171177,-3152.2089372049154
0 days 00:01:29.523000,137.5500032,78.375008,False,8776.466952533334,4,0,-467.0,-3091.0
0 days 00:01:29.581000,139.0,82.0,False,8906.0,4,0,-475.9775141335649,-3070.2904388296256
0 days 00:01:29.663000,143.6124928,83.5374976,False,9192.4870528,4,0,-488.0,-3041.0
0 days 00:01:29.741000,148.0,85.0,False,9465.0,4,0,-498.2962668540489,-3014.617935614717
0 days 00:01:29.901000,155.0,96.0,False,9717.0,4,0,-515.9144368657419,-2965.1047096951193
0 days 00:01:30.181000,164.0,100.0,False,10396.0,4,0,-539.4304327042454,-2875.4364775397203
0 days 00:01:30.263000,167.91363025454547,100.0,False,10586.27697570909,4,0,-546.0,-2842.0
0 days 00:01:30.523000,180.32273338181818,100.0,False,11189.595751563636,4,0,-565.0,-2717.0
0 days 00:01:30.621000,185.0,100.0,False,11417.0,4,0,-569.9203679391677,-2667.3334927543797
0 days 00:01:30.703000,187.0499968,100.0,False,11516.937344,4,0,-573.0,-2625.0
0 days 00:01:30.781000,189.0,100.0,False,11612.0,4,0,-575.1172149560314,-2583.857142451436
0 days 00:01:30.922000,194.46814253174827,100.0,False,11168.689873318981,4,0,-577.0,-2509.0
0 days 00:01:31.022000,198.34625956277176,100.0,False,10854.285385446716,4,0,-577.0,-2457.0
0 days 00:01:31.142000,203.0,100.0,False,10477.0,5,0,-576.4178197639675,-2391.7803560555094
0 days 00:01:31.262000,207.0,100.0,False,10690.333333333334,5,0,-575.0,-2324.0
0 days 00:01:31.502000,215.0,100.0,False,11117.0,5,0,-568.770701305385,-2184.1505469959147
0 days 00:01:31.582000,217.4,100.0,False,11207.8,5,0,-566.0,-2136.0
0 days 00:01:31.702000,221.0,100.0,False,11344.0,5,0,-561.4372573992431,-2062.6532252019733
0 days 00:01:31.742000,221.0,100.0,False,11390.833333333334,5,0,-560.0,-2039.0
0 days 00:01:31.942000,221.0,100.0,False,11625.0,5,0,-553.0,-1917.0
0 days 00:01:32.102000,230.0,100.0,False,10785.0,5,0,-543.3803526699921,-1767.083375960993
0 days 00:01:32.162000,231.25,100.0,False,10739.0,5,0,-540.0,-1715.0
0 days 00:01:32.342000,235.0,100.0,False,10601.0,6,0,-533.127472414752,-1606.6836590830756
0 days 00:01:32.602000,235.0,100.0,False,10731.325793631953,6,0,-527.0,-1494.0
0 days 00:01:32.741000,235.0,100.0,False,10801.0,6,0,-522.4668673426547,-1403.34225782101
0 days 00:01:32.782000,235.0,100.0,False,10801.0,6,0,-521.0,-1376.0
0 days 00:01:32.962000,235.0,100.0,False,10801.0,6,0,-514.0,-1258.0
0 days 00:01:32.981000,235.0,100.0,False,10801.0,6,0,-513.2090338421121,-1244.47199574376
0 days 00:01:33.182000,239.01999872,100.0,False,10928.63495936,6,0,-505.0,-1096.0
0 days 00:01:33.381000,243.0,100.0,False,11055.0,6,0,-499.0390979858208,-975.7339265849987
0 days 00:01:33.382000,243.01999872,100.0,False,11055.0,6,0,-499.0,-975.0
0 days 00:01:33.662000,248.61999872,100.0,False,11055.0,6,0,-485.0,-728.0
0 days 00:01:33.781000,251.0,100.0,False,11055.0,6,0,-481.4689250502408,-659.4751758901892
0 days 00:01:33.941000,260.0,100.0,False,10915.0,6,0,-478.02683995280745,-588.5080072758456
0 days 00:01:33.942000,260.0249984,100.0,False,10913.28510976,6,0,-478.0,-588.0
0 days 00:01:34.141000,265.0,100.0,False,10572.0,6,0,-471.25528411541165,-469.5888025877185
0 days 00:01:34.302000,267.0124992,100.0,False,10669.270794666667,6,0,-463.0,-324.0
0 days 00:01:34.381000,268.0,100.0,False,10717.0,7,0,-457.82644401690516,-229.52431752641826
0 days 00:01:34.502000,270.0166656,100.0,False,10773.9708032,7,0,-450.0,-85.0
0 days 00:01:34.621000,272.0,100.0,False,10830.0,7,0,-444.91696385712635,8.631077336220692
0 days 00:01:34.861000,274.0,100.0,False,10938.0,7,0,-439.3243973191942,115.14609988334546
0 days 00:01:34.903000,274.41999872,100.0,False,10936.74000384,7,0,-438.0,142.0
0 days 00:01:35.061000,276.0,100.0,False,10932.0,7,0,-432.07290912009006,262.5882940964407
0 days 00:01:35.063000,276.0214272,100.0,False,10932.8070912,7,0,-432.0,264.0
0 days 00:01:35.341000,279.0,100.0,False,11045.0,7,0,-421.1214379521086,461.620617218846
0 days 00:01:35.343000,279.0142848,100.0,False,11045.7213824,7,0,-421.0,464.0
0 days 00:01:35.503000,280.15714194285715,100.0,False,11103.435668114285,7,0,-410.0,686.0
0 days 00:01:35.621000,281.0,100.0,False,11146.0,7,0,-405.22708380404595,781.6184265283536
0 days 00:01:35.781000,282.0,100.0,False,11167.0,7,0,-401.6872861102027,849.6605851114364
0 days 00:01:35.803000,282.2750016,100.0,False,11172.6375328,7,0,-401.0,863.0
0 days 00:01:35.941000,284.0,100.0,False,11208.0,7,0,-395.43188536905035,971.7390843546578
0 days 00:01:36.103000,284.80999936,100.0,False,11212.0499968,7,0,-388.0,1120.0
0 days 00:01:36.141000,285.0,100.0,False,11213.0,7,0,-386.45333872646887,1151.7832044371594
0 days 00:01:36.236000,285.3958336,100.0,False,11252.9791936,7,0,-382.9188430879668,1226.166126910939
