time_s,distance_m,speed,long_accel,throttle,full_throttle,brake,gear,gear_shift,rpm,drs
0.0,0.0,284.41250026666665,1.1574050179210682,100.0,1,0,7,0.0,11271.212513066666,0
0.062,5.5748038142222205,284.67083306666666,1.1574064809157107,100.0,1,0,7,0.0,11283.870820266668,0
0.141,13.49147048088889,285.0,1.4839617929528686,100.0,1,0,7,0.0,11300.0,0
0.262,24.60841490755556,285.86428525714285,1.9841267333136443,100.0,1,0,7,0.0,11338.460693942858,0
0.421,37.36397046311111,287.0,1.5733508676554493,100.0,1,0,7,0.0,11389.0,0
0.582,46.952998232,287.67083306666666,1.1574078849664602,100.0,1,0,7,0.0,11421.870820266668,0
0.661,56.512998232,288.0,1.9225560283018126,100.0,1,0,7,0.0,11438.0,0
0.821,67.83105378755555,290.0,1.9345039633910233,100.0,1,0,7,0.0,11500.0,0
0.942,82.34785933422222,290.3361109333333,0.7716047367722041,100.0,1,0,7,0.0,11509.411106133331,0
1.181,100.13119266755555,291.0,1.1907265390453574,100.0,1,0,7,0.0,11528.0,0
1.382,114.7370259831111,292.1166663111111,1.5432100063391658,100.0,1,0,7,0.0,10914.391862044444,0
1.541,122.0620259831111,293.0,1.7136013658259799,100.0,1,0,7,0.0,10429.0,0
1.562,128.576053752,293.1312496,1.7361066194659998,100.0,1,0,7,0.0,10438.9749696,0
1.701,145.726053752,294.0,1.448826527579854,100.0,1,0,8,1.0,10505.0,0
1.982,158.83174818755555,294.8781248,0.8680567823505498,100.0,1,0,8,0.0,10526.95312,0
2.021,165.3873037431111,295.0,0.9950095787713167,100.0,1,0,8,0.0,10530.0,0
2.142,180.20860997706666,295.60499968,1.3888884004995958,100.0,1,0,8,0.0,10545.124992,0
2.382,191.70980371466666,296.80499968,1.3888908494927819,100.0,1,0,8,0.0,10575.124992,0
2.421,198.35105371466668,297.0,1.0524516925906937,100.0,1,0,8,0.0,10580.0,0
2.543,204.95105371466667,297.0,2.2737367544323206e-13,100.0,1,0,8,0.0,10590.6749888,0
2.581,214.76855371466667,297.0,0.22175536881432834,100.0,1,0,8,0.0,10594.0,0
2.781,223.956887048,298.0,1.1803530803540525,100.0,1,0,8,0.0,10621.0,0
2.803,233.89327595466665,298.0916672,1.1574134618362848,100.0,1,0,8,0.0,10625.8583616,0
3.021,243.85994262133332,299.0,1.3676770308588857,100.0,1,0,8,0.0,10674.0,0
3.043,252.25163986151108,299.11000064,1.3888958744758924,100.0,1,0,8,0.0,10674.8250048,0
3.223,266.4187787201777,300.00999936,1.3888879593318961,100.0,1,0,8,0.0,10681.5749952,0
3.383,274.69105370257773,300.80999936,1.3888926693839494,100.0,1,0,8,0.0,10687.5749952,0
3.421,286.3129981470222,301.0,1.3572515741789388,100.0,1,0,8,0.0,10689.0,0
3.661,298.1413314803555,302.0,0.17237982663527873,100.0,1,0,8,0.0,10752.0,0
3.703,311.56355370257774,302.0,-1.1368683772161603e-13,100.0,1,0,8,0.0,10755.4124896,0
3.981,323.3079981470222,302.0,0.9849142857128754,100.0,1,0,8,0.0,10778.0,0
3.983,335.05272035146663,302.0071424,0.9920004567713567,100.0,1,0,8,0.0,10777.964288,0
4.261,349.36105368479997,303.0,0.9920652500063625,100.0,1,0,8,0.0,10773.0,0
4.323,355.3412540906412,303.22142902857144,0.992064645940161,100.0,1,0,8,0.0,10782.3000192,0
4.403,364.53077592987927,303.5071433142857,0.9920631543846525,100.0,1,0,8,0.0,10794.3000192,0
4.541,376.3529981521015,304.0,0.5031174471722011,100.0,1,0,8,0.0,10815.0,0
4.683,384.7974425965459,304.0,0.0,100.0,1,0,8,0.0,10809.31999488,0
4.741,394.00188704099037,304.0,0.4619011213047486,100.0,1,0,8,0.0,10807.0,0
4.901,402.55883148543484,305.0,-0.739133060924587,100.0,1,0,8,0.0,10816.0,0
4.943,411.0252203921015,304.79000064,-1.3888857812604556,100.0,1,0,8,0.0,10821.45998336,0
5.101,417.7807759476571,304.0,1.1207636583931162,100.0,1,0,8,0.0,10842.0,0
5.103,426.3098976478941,304.0082982262701,1.1525321567625273,100.0,1,0,8,0.0,10842.481297123664,0
5.303,436.42883147813194,304.8381739653242,1.1526067759380112,100.0,1,0,8,0.0,10890.614089988803,0
5.342,444.85869258924305,305.0,0.9267192639885451,100.0,1,0,8,0.0,10900.0,0
5.502,454.9829981447986,305.0,0.0,100.0,1,0,8,0.0,10885.94142635878,0
5.581,464.30244258924307,305.0,0.27707619297783026,100.0,1,0,8,0.0,10879.0,0
5.722,477.91782105353934,305.3916664888889,0.7716047418799121,100.0,1,0,8,0.0,10857.066676622222,0
5.902,487.22202590924303,305.8916664888889,0.7716059790034251,100.0,1,0,8,0.0,10829.066676622222,0
5.941,499.97202590924303,306.0,0.5423291755667705,100.0,1,0,8,0.0,10823.0,0
6.202,511.8357759181319,305.06785737142854,-0.9920665904874113,100.0,1,0,8,0.0,10569.457205028571,0
6.221,522.8073036959096,305.0,-1.428727739554855,100.0,1,0,8,0.0,10551.0,0
6.461,541.1210536959096,299.0,-8.024239895436978,0.0,0,0,8,0.0,10332.0,0
6.662,552.4975815536874,292.5392877714286,-8.928575818916215,0.0,0,0,8,0.0,10163.303625142857,0
6.741,562.164248220354,290.0,-11.132815307807249,0.0,0,1,8,0.0,10097.0,0
6.902,574.6506372692429,280.9437536,-15.62500007812804,0.0,0,1,8,0.0,9800.156368,0
7.061,581.4506372692429,272.0,-28.404626512706272,0.0,0,1,8,0.0,9507.0,0
7.082,590.4414708336873,269.72500693333336,-30.09250967601644,0.0,0,1,8,0.0,9432.800226133331,0
7.301,600.008137500354,246.0,-22.074579360332223,0.0,0,1,8,0.0,8659.0,0
7.362,608.7676912374968,241.64286171428571,-19.84125388949201,0.0,0,1,8,0.0,8526.3251392,0
7.562,615.6831378051158,227.35714742857144,-19.841330876658958,0.0,0,1,8,0.0,8091.3251392,0
7.581,625.0684155828936,226.0,-20.282618195432384,0.0,0,1,8,0.0,8050.0,0
7.861,633.3877211384491,199.0,-23.832528116156027,0.0,0,1,7,-1.0,8030.0,0
7.882,638.8659157340047,197.21500544,-23.611047595400994,0.0,0,1,7,0.0,8130.58969344,0
8.061,643.4159157340047,182.0,-23.149246960500022,0.0,0,1,7,0.0,8988.0,0
8.062,649.5050710051157,181.916672,-23.146672813906143,0.0,0,1,7,0.0,8989.9193216,0
8.302,657.5784161784491,161.916672,-23.14815647088301,0.0,0,1,7,0.0,9450.585988266666,0
8.421,662.2228606228936,152.0,-19.39183517836375,0.0,0,1,7,0.0,9679.0,0
8.522,667.0931385251158,146.10833706666668,-16.2037008967083,0.0,0,1,7,0.0,9657.958346666666,0
8.661,672.4598051917825,138.0,-20.22569272468553,0.0,0,1,6,-1.0,9629.0,0
8.802,675.252305316227,125.6625056,-24.305626394591854,0.0,0,1,6,0.0,9999.124832,0
8.821,679.0411942051159,124.0,-23.406008762143387,0.0,0,1,5,-1.0,10049.0,0
9.022,684.1056387917826,113.9500032,-13.888891936210598,0.0,0,1,5,0.0,9603.6595168,0
9.141,689.2206387917826,108.0,-13.196488196715919,0.0,0,1,2,-3.0,9340.0,0
9.363,693.0506385784493,98.4857088,-11.904742496190863,0.0,0,1,2,0.0,8360.0280064,0
9.421,697.3173052451159,96.0,-10.691013176713213,0.0,0,1,2,0.0,8104.0,0
9.683,701.3656384717825,91.0874976,-5.2083243836097495,0.0,0,1,2,0.0,7389.2309008,0
9.741,703.6156384717825,90.0,-6.140678770875674,0.0,0,1,2,0.0,7231.0,0
9.863,706.4970274851158,86.4416704,-8.101852139997732,0.0,0,1,2,0.0,7017.500224,0
9.981,707.8803608184492,83.0,-5.597644344003129,0.0,0,1,2,0.0,6811.0,0
9.983,711.1296275853825,82.96000256,-5.555202521668719,0.0,0,1,2,0.0,6808.14518272,0
10.263,715.4059166157825,77.36000256,-5.555559795209604,0.0,0,1,2,0.0,6408.44518272,0
10.381,717.2809166157825,75.0,-4.189821589885867,0.0,0,0,2,0.0,6240.0,0
10.443,719.7550832291158,74.2249984,-3.472226893802077,0.0,0,0,2,0.0,6171.0248576,0
10.621,721.5550832291158,72.0,-3.9624913302850473,0.0,0,0,2,0.0,5973.0,0
10.623,724.3539721891158,71.9714304,-3.9680018271143407,0.0,0,0,2,0.0,5971.5572352,0
10.901,728.1317499668936,68.0,-1.2103180175859194,0.0,0,0,2,0.0,5771.0,0
11.023,731.3617499668936,68.0,-3.552713678800501e-15,5.18499456,0,0,2,0.0,5943.01981952,0
11.243,733.9873055224492,68.0,0.0,14.53500544,0,0,2,0.0,6253.22018048,0
11.301,736.065083300227,68.0,0.6865524878413858,17.0,0,0,2,0.0,6335.0,0
11.463,739.1548054691159,69.5187488,2.6041667187581297,19.531248,0,0,2,0.0,6521.8061024,0
11.621,741.5214721357826,71.0,3.7382019234264305,22.0,0,0,2,0.0,6704.0,0
11.703,743.9507910458302,72.27725682786429,4.32675306043096,23.788159559010005,0,0,2,0.0,6754.323919017853,0
11.863,746.4327220360941,74.7694691627602,4.326759872452612,27.27725682786429,0,0,2,0.0,6852.517085012752,0
11.942,748.121610924983,76.0,6.476443691052651,29.0,0,0,2,0.0,6901.0,0
12.023,749.8667497694274,78.531248,8.680555729193799,32.5437472,0,0,2,0.0,7216.3935008,0
12.102,752.9942497694275,81.0,8.593789554070042,36.0,0,0,2,0.0,7524.0,0
12.301,756.1359164360941,87.0,7.870692262864907,41.0,0,0,2,0.0,8134.0,0
12.362,760.5706385694275,88.69444266666666,7.71604293878468,44.388885333333334,0,0,2,0.0,8287.177617066667,0
12.661,764.8817496805386,97.0,13.483756854417152,61.0,0,0,2,0.0,9038.0,0
12.682,767.0606384983164,98.0499968,13.888852955730279,61.3937488,0,0,2,0.0,9102.0498048,0
12.821,772.0043884983164,105.0,13.319407247063722,64.0,0,0,2,0.0,9526.0,0
13.021,775.5035551649831,114.0,11.243056333645427,75.0,0,0,2,0.0,10501.0,0
13.042,778.693555093872,114.83999744,11.111081221365641,75.31499904,0,0,2,0.0,10432.54020864,0
13.221,782.0824439827609,122.0,11.111081221364884,78.0,0,0,2,0.0,9849.0,0
13.242,785.494666133872,122.83999744,11.111081221364941,77.79000064,0,0,2,0.0,9842.1750208,0
13.421,790.9113328005386,130.0,6.553241247251663,76.0,0,0,3,1.0,9784.0,0
13.542,795.295082773872,131.5124992,3.4722222530885745,72.9750016,0,0,3,0.0,9931.7207552,0
13.661,801.1877216627609,133.0,5.285615939165581,70.0,0,0,3,0.0,10077.0,0
13.861,805.4542494405387,139.0,9.590219540808448,69.0,0,0,3,0.0,10378.0,0
13.882,809.3357771560942,139.73499776,9.72219606869514,68.58000128,0,0,3,0.0,10238.03542656,0
14.061,812.9857771560942,146.0,5.80853088349977,65.0,0,0,4,1.0,9045.0,0
14.062,817.0621920494275,146.020832,5.786668509307228,65.0166656,0,0,4,0.0,9046.0582656,0
14.262,822.0475826301682,150.18749866666667,5.787044984046702,68.34999893333334,0,0,4,0.0,9257.724932266668,0
14.301,826.661471519057,151.0,5.787044487468087,69.0,0,0,4,0.0,9299.0,0
14.482,831.8204992523904,154.770832,5.787041268255734,71.2624992,0,0,4,0.0,9746.9748416,0
14.541,839.6204992523905,156.0,5.976728257694305,72.0,0,0,4,0.0,9893.0,0
14.842,846.8882769590572,163.5249984,6.944466359698254,86.10937200000001,0,0,4,0.0,10261.7249216,0
14.861,850.9882769590572,164.0,7.555318742374247,87.0,0,0,4,0.0,10285.0,0
15.022,856.7009157501683,171.37916373333334,12.731486734631403,95.72082986666666,1,0,4,0.0,10745.8623168,0
15.101,862.509943527946,175.0,10.244757408486251,100.0,1,0,4,0.0,10972.0,0
15.261,867.973554639057,178.0,7.582495927052378,100.0,1,0,4,0.0,11129.0,0
15.322,875.9924862648348,179.86388693333333,8.487647108150362,100.0,1,0,4,0.0,10931.089096533333,0
15.582,883.7917489151065,187.8083313777778,8.48766643269073,100.0,1,0,4,0.0,10087.533540977778,0
15.621,888.0179989151064,189.0,9.31540840744519,100.0,1,0,5,1.0,9961.0,0
15.743,895.5713320351064,194.22856594285713,11.904759058883968,100.0,1,0,5,0.0,10121.778402742855,0
15.901,907.2963320351064,201.0,9.059081832832362,100.0,1,0,5,0.0,10330.0,0
16.163,916.4116099017731,205.093752,4.340270319674687,100.0,1,0,5,0.0,10804.875232,0
16.221,922.1338321239953,206.0,5.095481125681218,100.0,1,0,5,0.0,10910.0,0
16.363,931.4471655995508,209.5500032,6.9444457104675905,100.0,1,0,5,0.0,11032.4751104,0
16.541,939.1749433773286,214.0,8.846141881372318,100.0,1,0,5,0.0,11186.0,0
16.623,943.4521016223064,216.86999552,9.722239763858738,100.0,1,0,5,0.0,11286.03984384,0
16.683,947.0407766957286,218.97000448,9.722231701625674,100.0,1,0,5,0.0,11359.24015616,0
16.741,956.249110029062,221.0,8.681695211340042,100.0,1,0,5,0.0,11430.0,0
16.983,966.2393877179509,224.781248,4.3402826046009295,100.0,1,0,5,0.0,10968.687744,0
17.061,971.2616099401731,226.0,6.45616023903824,100.0,1,0,5,0.0,10820.0,0
17.143,976.3407765179509,228.562496,8.680556250434336,100.0,1,0,5,0.0,10615.00032,0
17.221,983.3991098512842,231.0,6.833974950662395,100.0,1,0,6,1.0,10420.0,0
17.363,991.1582765712841,232.7750016,3.4722208169653186,100.0,1,0,6,0.0,10543.0667776,0
17.461,999.5432765712841,234.0,4.791125525145503,100.0,1,0,6,0.0,10628.0,0
17.621,1006.8816099046174,238.0,4.942448642190357,100.0,1,0,6,0.0,10759.0,0
17.683,1013.5185544023954,238.93000192,4.166671404082649,100.0,1,0,6,0.0,10774.81003264,0
17.821,1019.5435544023954,241.0,4.775119783540049,100.0,1,0,6,0.0,10810.0,0
17.863,1026.9975126652525,241.7499977142857,4.960306537830448,100.0,1,0,6,0.0,10850.649876114288,0
18.043,1035.0949432963637,244.964288,4.960310900349782,100.0,1,0,6,0.0,11024.8644096,0
18.101,1044.6616099630303,246.0,4.652060896364048,100.0,1,0,6,0.0,11081.0,0
18.323,1052.9541100163638,248.7750016,3.472199532866398,100.0,1,0,6,0.0,11155.9250432,0
18.341,1066.061193349697,249.0,3.526558843579892,100.0,1,0,6,0.0,11162.0,0
18.702,1084.5132766830304,255.0,2.7975542785480343,100.0,1,0,6,0.0,11380.0,0
18.862,1094.4389711172798,256.14695314191755,1.9912387077533822,100.0,1,0,6,0.0,11475.197110779158,0
18.981,1105.147304450613,257.0,2.9230238723573336,100.0,1,0,6,0.0,11546.0,0
19.162,1116.6952210728352,259.828124,4.340278241495184,100.0,1,0,6,0.0,10907.9752256,0
19.301,1125.4285544061686,262.0,3.1671971365261697,100.0,1,0,6,0.0,10418.0,0
19.402,1134.1899432772798,262.8416661333333,2.3148144138154407,100.0,1,0,6,0.0,10472.2874656,0
19.541,1147.3899432772798,264.0,2.1871330015133594,100.0,1,0,7,1.0,10547.0,0
19.762,1157.7179988150576,265.5785709714286,1.9841285618115307,100.0,1,0,7,0.0,10624.3499776,0
19.821,1162.151332148391,266.0,3.057207939418845,100.0,1,0,7,0.0,10645.0,0
19.882,1169.56563767728,266.91499904,4.166664213547222,100.0,1,0,7,0.0,10661.16498304,0
20.021,1177.7850821217244,269.0,3.289140733778936,100.0,1,0,7,0.0,10698.0,0
20.102,1185.2798043261687,269.80999936,2.7777770769213816,100.0,1,0,7,0.0,10731.61497344,0
20.221,1191.3020265483908,271.0,2.4334467694502564,100.0,1,0,7,0.0,10781.0,0
20.262,1201.8918887960945,271.3416661333333,2.314811728663166,100.0,1,0,7,0.0,10794.43886791111,0
20.502,1214.0024431706129,273.3416661333333,2.3148162256936757,100.0,1,0,7,0.0,10873.10553457778,0
20.581,1224.619943170613,274.0,2.0526364166445745,100.0,1,0,7,0.0,10899.0,0
20.781,1232.2970265039462,275.0,1.9415566611423856,100.0,1,0,7,0.0,10934.0,0
20.782,1238.4464885772618,275.006999552,1.9443207729441916,100.0,1,0,7,0.0,10934.22998528,0
20.942,1254.553896884462,276.126999552,1.9444444444443434,100.0,1,0,7,0.0,10971.02998528,0
21.202,1273.0836968545952,277.946999552,1.944444444444457,100.0,1,0,7,0.0,11030.82998528,0
21.422,1287.8343996087285,279.486999552,1.9444444444444002,100.0,1,0,7,0.0,11081.42998528,0
21.582,1301.8257763919462,280.606999552,1.9444447231514346,100.0,1,0,7,0.0,11118.22998528,0
21.781,1317.4532763919462,282.0,1.66736316503156,100.0,1,0,7,0.0,11164.0,0
21.981,1327.7120263919464,283.0,-3.9325200120036925,98.0,1,0,7,0.0,11059.0,0
22.042,1336.361106986791,281.78000128,-5.555551335624642,83.05501568,0,0,7,0.0,11009.437552,0
22.202,1349.4775820470575,278.58000128,-5.555556493062994,43.85501568,0,0,7,0.0,10879.437552,0
22.381,1357.1546653803907,275.0,-8.338560949106522,0.0,0,0,7,0.0,10734.0,0
22.403,1363.2504986248352,274.312496,-8.680598009076306,0.0,0,0,7,0.0,10705.9498368,0
22.541,1373.0004986248352,270.0,-12.498079568318474,0.0,0,0,7,0.0,10530.0,0
22.663,1383.2293877981685,263.0285787428571,-15.87301207851192,0.0,0,0,7,0.0,10204.08605622857,0
22.821,1388.873832242613,254.0,-17.34141285916121,0.0,0,1,7,0.0,9782.0,0
22.823,1394.5154990870574,253.875008,-17.360014064711663,0.0,0,1,7,0.0,9776.2378688,0
22.981,1401.2932768648352,244.0,-25.59021385305823,0.0,0,1,7,0.0,9321.0,0
23.023,1407.9543883315018,239.8000128,-27.777715625210305,0.0,0,1,7,0.0,9372.02984448,0
23.181,1414.7988327759463,224.0,-25.78287169217765,0.0,0,1,7,0.0,9564.0,0
23.243,1420.8660546781684,218.41998848,-25.0000284244978,0.0,0,1,7,0.0,9600.58007552,0
23.381,1426.5882769003908,206.0,-24.86312337995014,0.0,0,1,7,0.0,9682.0,0
23.443,1434.3841097892798,200.46427428571428,-24.80162394246412,0.0,0,1,7,0.0,9628.857033142856,0
23.661,1440.4174431226131,181.0,-21.197198713214675,0.0,0,1,5,-2.0,9442.0,0
23.683,1446.3957761359463,179.3499904,-20.833442313040404,0.0,0,1,5,0.0,9462.9917888,0
23.901,1452.7346650248353,163.0,-15.426606917609547,0.0,0,1,4,-1.0,9671.0,0
23.963,1456.7765815297241,159.8999936,-13.8889077947143,0.0,0,1,4,0.0,9425.3244928,0
24.083,1460.5813313715018,153.8999936,-13.888868225063561,0.0,0,1,4,0.0,8949.8244928,0
24.141,1466.453553593724,151.0,-13.409368614591607,0.0,0,1,4,0.0,8720.0,0
24.363,1473.5410533270574,141.74999466666668,-11.574070012040949,0.0,0,1,4,0.0,8205.083036444445,0
24.501,1476.5632755492795,136.0,-6.982090072708161,0.0,0,1,4,0.0,7885.0,0
24.523,1484.0913309448351,135.50499712,-6.250034247234727,0.0,0,1,4,0.0,7859.36985088,0
24.901,1492.9107753892795,127.0,-3.614550195416342,0.0,0,0,4,0.0,7419.0,0
25.023,1496.4223031918223,125.78607053884834,-2.763959087236856,0.0,0,0,4,0.0,7391.686587124087,0
25.102,1500.571608747378,125.0,-2.8341122374431365,0.0,0,0,4,0.0,7374.0,0
25.262,1505.3660531918224,123.28571428571428,-2.976190476190453,0.0,0,0,4,0.0,7223.142857142857,0
25.382,1508.0771643029336,122.0,-2.9841904743551595,0.0,0,0,4,0.0,7110.0,0
25.422,1512.1294940553264,121.56989257178093,-2.986857140410276,0.4301074282190846,0,0,4,0.0,7110.860214856438,0
25.622,1516.0935532147616,119.4193554306855,-2.9868612420915497,2.5806445693145075,0,0,4,0.0,7115.161289138629,0
25.661,1520.0602198814283,119.0,-2.7836149258345095,3.0,0,0,4,0.0,7116.0,0
25.862,1524.982562780095,117.7437504,-1.7361109274594355,19.3312448,0,0,4,0.0,7199.5405984,0
25.962,1526.918275460317,117.1187504,-1.7361160253572052,27.4562448,0,0,4,0.0,7241.1030984,0
25.981,1530.477025460317,117.0,-1.344500520707717,29.0,0,0,4,0.0,7249.0,0
26.181,1533.7991087936502,119.0,3.4685461580957053,29.0,0,0,4,0.0,7249.0,0
26.182,1537.1215410629836,119.0124992,3.472001105581225,29.0374976,0,0,4,0.0,7249.87744384,0
26.382,1543.8553587269837,121.5124992,3.472222781968881,36.5374976,0,0,4,0.0,7425.37744384,0
26.581,1549.3664698380949,124.0,5.151666987524038,44.0,0,0,4,0.0,7600.0,0
26.702,1555.7009142114282,126.68888746666669,6.172837894177832,51.0583296,0,0,4,0.0,7823.8498816,0
26.941,1563.0342475447615,132.0,6.633872472700318,65.0,0,0,4,0.0,8266.0,0
27.102,1567.5684141580948,136.0249984,6.944447309799045,69.69583146666666,0,0,4,0.0,8436.391598933333,0
27.181,1573.6825808247615,138.0,6.944448677080722,72.0,0,0,4,0.0,8520.0,0
27.421,1582.1025808247616,144.0,11.695035189097794,72.0,0,0,4,0.0,8940.0,0
27.602,1586.3791085047617,153.95499648,15.277823837679762,89.19499392,0,0,4,0.0,9492.95480448,0
27.621,1591.9548029492062,155.0,14.921218857956609,91.0,0,0,4,0.0,9551.0,0
27.861,1600.6331362825395,164.0,14.062039694801854,100.0,1,0,4,0.0,9931.0,0
28.002,1606.3739694914284,172.22499626666666,16.203706823952757,100.0,1,0,4,0.0,10557.862215466666,0
28.101,1617.7461917136507,178.0,14.482697118503435,100.0,1,0,4,0.0,10998.0,0
28.462,1629.2757749314285,188.6659072,8.207075900843734,100.0,1,0,4,0.0,11597.7521664,0
28.541,1636.6770249314284,191.0,7.063018415175833,100.0,1,0,4,0.0,11729.0,0
28.741,1642.0928582647616,194.0,8.312072968481516,100.0,1,0,4,0.0,11243.0,0
28.742,1648.0754498722283,194.02999808,8.33280243500628,100.0,1,0,4,0.0,11241.99756416,0
28.963,1659.1953584183616,200.66000384,8.333333243968042,100.0,1,0,4,0.0,11020.44487168,0
29.141,1664.9175806405838,206.0,10.187553280216889,100.0,1,0,5,1.0,10842.0,0
29.163,1673.0182266619172,206.8250048,10.416721744447734,100.0,1,0,5,0.0,10869.3626592,0
29.423,1681.9820250743617,216.5749952,10.416695972248817,100.0,1,0,5,0.0,11192.7373408,0
29.461,1689.2486917410283,218.0,9.866926983575787,100.0,1,0,5,0.0,11240.0,0
29.663,1697.9228582832507,223.0499968,6.944451440015769,100.0,1,0,5,0.0,11444.164156342857,0
29.741,1705.3603582832507,225.0,6.9444521056286135,100.0,1,0,5,0.0,11523.0,0
29.901,1715.6017471721395,229.0,6.254311138375527,100.0,1,0,5,0.0,11761.0,0
30.063,1722.0528582121394,232.23999744,5.555569879431005,100.0,1,0,5,0.0,10967.2006272,0
30.101,1729.819524878806,233.0,5.44561711462363,100.0,1,0,5,0.0,10781.0,0
30.303,1742.960358087695,236.53499776,4.861111173339566,100.0,1,0,5,0.0,10825.94497152,0
30.501,1756.2936914210284,240.0,2.025175470369277,100.0,1,0,6,1.0,10870.0,0
30.703,1766.9323025499173,239.3687504,-0.8680559471201832,46.343784,0,0,6,0.0,10736.1750848,0
30.821,1775.562858105473,239.0,-4.413732697969721,15.0,0,0,6,0.0,10658.0,0
30.963,1784.7498891988064,234.562496,-8.68055144737616,8.343744000000001,0,0,6,0.0,10393.0810112,0
31.103,1790.440635825473,230.187504,-8.68057516450358,1.781255999999999,0,0,6,0.0,10131.8939888,0
31.141,1796.801746936584,229.0,-8.35071708613168,0.0,0,1,6,0.0,10061.0,0
31.303,1804.3000803765842,224.9500032,-6.944450353487355,0.0,0,1,6,0.0,9610.775355733333,0
31.381,1814.1802192654732,223.0,-13.137626742493893,0.0,0,1,6,0.0,9394.0,0
31.622,1821.2760525988065,195.0,-11.103944874733315,0.0,0,1,6,0.0,9690.0,0
31.643,1824.0016497312508,194.2999936,-9.25932631358404,0.0,0,1,6,0.0,9660.5122304,0
31.723,1829.8304967588062,191.63332693333336,-9.259254587197802,0.0,0,1,6,0.0,9548.178897066668,0
31.862,1834.9989689810286,187.0,-7.642374703252358,0.0,0,0,5,-1.0,9353.0,0
31.922,1839.1211912032509,185.5,-6.944444444444343,0.0,0,0,5,0.0,9295.25,0
32.022,1843.1878578699175,183.0,-4.774305555555543,0.0,0,0,5,0.0,9199.0,0
32.082,1847.2378578699177,182.25,-3.4722222222220296,0.0,0,0,5,0.0,9131.125,0
32.182,1856.7654967588064,181.0,-3.6068541162946417,0.0,0,0,5,0.0,9018.0,0
32.461,1863.6488300921399,177.0,-2.9795945610603667,27.0,0,0,5,0.0,8757.0,0
32.462,1869.0814179108065,176.9892864,-2.9760008618639455,27.0607104,0,0,5,0.0,8758.124928,0
32.682,1875.8484134730923,174.63214354285714,-2.97619302189014,40.41785325714286,0,0,5,0.0,9005.624928,0
32.741,1880.6817468064255,174.0,-1.4153465013283864,44.0,0,0,5,0.0,9072.0,0
32.882,1886.5209134553145,175.17499946666666,2.3148152605646146,52.812496,0,0,5,0.0,9211.824936533334,0
32.981,1888.965357899759,176.0,5.179068163131888,59.0,0,0,5,0.0,9310.0,0
32.982,1896.7884134019812,176.0187488,5.208001044944095,59.046872,0,0,5,0.0,9310.1499904,0
33.301,1904.8773022908701,182.0,4.169656044941803,74.0,0,0,5,0.0,9358.0,0
33.302,1908.9473599082924,182.01499904,4.1664016563186035,73.99500032,0,0,5,0.0,9359.28991744,0
33.462,1914.0443855762035,184.41499904,4.166672164240481,73.19500032,0,0,5,0.0,9565.68991744,0
33.501,1919.1575800206479,185.0,4.030575011811862,73.0,0,0,5,0.0,9616.0,0
33.661,1924.897441131759,187.0,5.986042990546252,82.0,0,0,5,0.0,9756.0,0
33.722,1930.13424664287,188.5249984,6.944440355912064,82.30499968,0,0,5,0.0,9812.11994112,0
33.861,1934.93424664287,192.0,5.871907611774759,83.0,0,0,5,0.0,9940.0,0
33.902,1938.7103049511368,192.81999872,5.555549405139033,76.85000959999999,0,0,5,0.0,9928.52001792,0
34.002,1943.0125799228701,194.81999872,5.555559345722486,61.8500096,0,0,5,0.0,9900.52001792,0
34.061,1951.1792465895367,196.0,4.658073572436756,53.0,0,0,5,0.0,9884.0,0
34.302,1958.8349410250923,196.86071405714284,0.9920648566126147,48.69642971428571,0,0,5,0.0,10008.803538285714,0
34.341,1963.2127188028703,197.0,0.024803202184969564,48.0,0,0,5,0.0,10029.0,0
34.462,1970.8234132739815,195.70357211428572,-2.97619009997058,46.271429485714286,0,0,5,0.0,10009.121439085717,0
34.621,1975.6734132739814,194.0,2.1064738637651317,44.0,0,0,5,0.0,9983.0,0
34.642,1981.0681354784258,194.20999936,2.777770305341736,45.0499968,0,0,5,0.0,10001.374944,0
34.821,1985.968135478426,196.0,1.3965165487243212,54.0,0,0,5,0.0,10158.0,0
34.822,1991.4127188028704,196.00499968,1.3888004466823285,54.09499392,0,0,5,0.0,10158.5499648,0
35.021,2006.7075799139814,197.0,2.542569690698244,73.0,0,0,5,0.0,10268.0,0
35.381,2027.6278576917591,203.0,5.752721504332683,100.0,1,0,5,0.0,10689.0,0
35.763,2045.989816301537,212.5500032,6.944445342296859,100.0,1,0,5,0.0,11121.354690327273,0
36.003,2060.5598165148704,218.5500032,6.9444444444444,100.0,1,0,5,0.0,11392.991053963637,0
36.243,2068.606191629537,224.5500032,6.944398507034293,100.0,1,0,5,0.0,11664.6274176,0
36.261,2074.231191629537,225.0,6.770788477366729,100.0,1,0,5,0.0,11685.0,0
36.423,2087.5967227388705,228.0374976,5.20833276653336,97.30000213333334,1,0,5,0.0,11602.9875648,0
36.683,2097.8836915948705,232.9125024,5.208324870849424,92.96666453333332,0,0,5,0.0,11471.3624352,0
36.741,2103.0836915948707,234.0,-2.97310550296703,92.0,0,0,5,0.0,11442.0,0
36.843,2108.1420247504266,227.624992,-17.361094583427075,33.3499264,0,0,5,0.0,11397.374944,0
36.901,2113.119802528204,224.0,-17.99043565096565,0.0,0,1,5,0.0,11372.0,0
37.003,2122.7636910259816,216.9874912,-19.09723497431648,0.0,0,1,5,0.0,10975.155752,0
37.221,2130.619246581537,202.0,-20.448939734211535,0.0,0,1,5,0.0,10127.0,0
37.283,2136.1011907593147,197.3499904,-20.833357020413644,0.0,0,1,5,0.0,9919.60957184,0
37.421,2141.8150796482037,187.0,-14.299225022226608,0.0,0,1,5,0.0,9458.0,0
37.503,2145.9023019770925,183.9250048,-10.41666750052093,0.0,0,1,5,0.0,9799.8369664,0
37.581,2152.4384130882036,181.0,-14.58335042735061,0.0,0,1,5,0.0,10125.0,0
37.763,2157.94091271487,165.0749888,-24.305519009726027,0.0,0,1,5,0.0,10557.250304,0
37.821,2166.3853571593145,160.0,-22.122500014610555,0.0,0,1,4,-1.0,10695.0,0
38.143,2173.826190620687,148.4044346866588,-10.003093855842394,0.0,0,1,4,0.0,10042.080476202633,0
38.182,2176.276190620687,147.0,-14.42569488771693,0.0,0,1,3,-1.0,9963.0,0
38.263,2180.1682741051313,140.11500544,-23.611105153831843,0.0,0,1,3,0.0,9622.8002688,0
38.382,2185.2057741051312,130.0,-22.42633145587969,0.0,0,1,3,0.0,9123.0,0
38.542,2191.433551882909,118.0,-15.960038986354455,0.0,0,1,3,0.0,8323.0,0
38.762,2195.1224407717978,110.66666666666669,-9.25925925926117,0.0,0,1,3,0.0,7446.666666666667,0
38.782,2198.483551882909,110.0,-9.427609427611348,0.0,0,1,3,0.0,7367.0,0
38.982,2203.0168852162424,102.0,-9.002629902347621,0.0,0,1,3,0.0,7037.0,0
39.102,2207.936051912621,98.65738221149732,-7.737541869672633,0.0,0,1,3,0.0,6815.384440622272,0
39.341,2211.5138296903992,92.0,-5.084710812509684,0.0,0,1,3,0.0,6374.0,0
39.382,2214.557718614844,91.31666773333332,-4.629623891817069,0.0,0,1,3,0.0,6308.9126016,0
39.581,2217.246607503733,88.0,-5.467156544242698,0.0,0,0,3,0.0,5993.0,0
39.602,2219.679385317066,87.58000128,-5.555540610683929,0.0,0,0,3,0.0,5961.18509696,0
39.781,2222.7127186503994,84.0,-4.773211113129179,0.0,0,0,3,0.0,5690.0,0
39.862,2227.767302045955,82.71136465454545,-4.419189215307144,0.0,0,0,3,0.0,5627.409140363637,0
40.221,2231.831190934844,77.0,-1.3376606310331454,0.0,0,0,3,0.0,5350.0,0
40.242,2234.3949409437328,76.91250026666667,-1.1574042183082796,1.3999957333333333,0,0,3,0.0,5414.5748032,0
40.461,2237.1393853881773,76.0,1.4887285141201687,16.0,0,0,3,0.0,6088.0,0
40.502,2240.106329814844,76.29285668571428,1.9841244182673812,16.0,0,0,3,0.0,6063.107181714286,0
40.741,2243.356329814844,78.0,2.774468519864911,16.0,0,0,3,0.0,5918.0,0
40.802,2246.415079788177,78.65357074285714,2.9761882233842627,17.5249984,0,0,3,0.0,5964.621379657143,0
41.021,2249.565079788177,81.0,3.9073096954484754,23.0,0,0,3,0.0,6132.0,0
41.082,2251.840496428177,81.91499904,4.16666421354725,24.82999808,0,0,3,0.0,6208.55491968,0
41.221,2254.407163094844,84.0,3.4841461913726164,29.0,0,0,3,0.0,6383.0,0
41.302,2257.720621400424,84.89999928888889,3.0864180173904856,31.24999822222222,0,0,3,0.0,6495.049911466666,0
41.502,2261.09660748398,87.1222215111111,3.08642154548113,36.805553777777774,0,0,3,0.0,6771.716578133333,0
41.581,2263.7854963728687,88.0,4.471801817438276,39.0,0,0,3,0.0,6881.0,0
41.722,2267.344801866202,91.5249984,6.944444489798386,44.5392832,0,0,3,0.0,7037.107072,0
41.861,2271.052440755091,95.0,8.089500933562192,50.0,0,0,3,0.0,7191.0,0
42.003,2276.039107635091,99.7333376,9.259262169004444,54.3388928,0,0,3,0.0,7461.194688,0
42.221,2280.4974409684246,107.0,10.100295340245111,61.0,0,0,3,0.0,7876.0,0
42.303,2284.808711613758,110.0749952,10.416655134636372,64.33124480000001,0,0,3,0.0,8169.405792,0
42.503,2288.695218399536,117.5749952,10.416696152145732,72.45624480000001,0,0,3,0.0,8885.030792,0
42.541,2292.6618850662026,119.0,10.966463323876958,74.0,0,0,3,0.0,9021.0,0
42.743,2299.1168847462027,129.0999936,13.888891339766673,84.0999936,0,0,3,0.0,9762.788418844444,0
42.901,2306.7279958573135,137.0,10.362108945579322,92.0,0,0,3,0.0,10343.0,0
43.143,2312.223829101758,141.3214262857143,4.96033154511656,98.91428205714286,1,0,3,0.0,11005.04250697143,0
43.181,2314.984940212869,142.0,8.012111418914458,100.0,1,0,3,0.0,11109.0,0
43.283,2319.9166071284244,147.95000746666668,16.203709008240736,100.0,1,0,3,0.0,11204.200119466666,0
43.421,2326.849940461758,156.0,15.954133922451703,100.0,1,0,3,0.0,11333.0,0
43.603,2334.238274115091,166.2375072,15.62499649625741,100.0,1,0,3,0.0,10991.74976,0
43.741,2342.4066074484244,174.0,13.782042706457474,100.0,1,0,3,0.0,10733.0,0
43.941,2350.0404963373135,182.0,11.800966685423475,100.0,1,0,4,1.0,10968.0,0
44.043,2354.184107572869,186.4625056,12.152766208399271,100.0,1,0,4,0.0,11280.375392,0
44.101,2356.284107572869,189.0,3.3420065134098422,100.0,1,0,4,0.0,11458.0,0
44.123,2361.534107572869,189.0,-5.684341886080802e-14,100.0,1,0,4,0.0,11469.99006976,0
44.301,2368.359107572869,189.0,6.867273230954538,100.0,1,0,4,0.0,11567.0,0
44.383,2376.4108095394863,191.9611064888889,10.030855960382794,100.0,1,0,4,0.0,11357.672548977778,0
44.603,2384.1293853352395,199.90556017777777,10.030849114202283,100.0,1,0,4,0.0,10796.060784355555,0
44.661,2391.984940890795,202.0,9.924791128730888,100.0,1,0,5,1.0,10648.0,0
44.883,2401.3299411539724,209.6074825385635,9.518855482260278,100.0,1,0,5,0.0,10935.701157822035,0
44.982,2407.2170244873055,213.0,9.389705910919133,100.0,1,0,5,0.0,11064.0,0
45.082,2413.2262837465646,216.33333333333337,9.259259259259068,100.0,1,0,5,0.0,11188.583333333334,0
45.182,2417.497580042861,219.66666666666663,9.259259259259352,100.0,1,0,5,0.0,11313.166666666666,0
45.222,2424.8642467095274,221.0,8.873456790124024,100.0,1,0,5,0.0,11363.0,0
45.422,2433.0253578206384,226.0,5.608974358974365,100.0,1,0,5,0.0,11563.0,0
45.482,2438.072580042861,227.125,5.208333333333144,100.0,1,0,5,0.0,11673.625,0
45.582,2446.342024487305,229.0,3.7420004286345545,100.0,1,0,5,0.0,11858.0,0
45.742,2452.693552257936,229.8040198419233,1.3958696228492045,100.0,1,0,5,0.0,11745.437222130742,0
45.781,2460.3282744801586,230.0,2.527924746252033,100.0,1,0,5,0.0,11718.0,0
45.981,2472.816607813492,236.0,7.083488458970237,100.0,1,0,6,1.0,10731.0,0
46.162,2482.1452188712697,239.87857005714287,5.95238269567534,100.0,1,0,6,0.0,10862.871381942858,0
46.261,2487.5229966490474,242.0,5.952378555263749,100.0,1,0,6,0.0,10935.0,0
46.322,2496.9849410401584,243.30714148571428,5.95237644676881,100.0,1,0,6,0.0,10927.157151085714,0
46.541,2505.251607706825,248.0,-5.81595275784548,100.0,1,0,6,0.0,10899.0,0
46.562,2514.910007074825,247.4750016,-6.944424862076328,94.750016,0,0,6,0.0,10874.22007552,0
46.822,2527.5946634090474,240.9750016,-6.944447006595055,29.750016,0,0,6,0.0,10567.42007552,0
46.941,2536.850218964603,238.0,-6.452547466136366,0.0,0,1,6,0.0,10427.0,0
47.102,2544.6717467868248,234.64583466666667,-5.787039424832528,0.0,0,1,6,0.0,10152.629275733334,0
47.181,2553.7004967868247,233.0,-7.687843530659109,0.0,0,1,6,0.0,10018.0,0
47.381,2561.1982745646023,224.0,-14.805189983021137,0.0,0,1,6,0.0,9620.0,0
47.422,2566.772697569758,221.74500352,-15.277759331627365,0.0,0,1,6,0.0,9768.21476864,0
47.562,2571.4995247308248,214.04500352,-15.27782309021677,0.0,0,1,6,0.0,10274.31476864,0
47.581,2579.161608064158,213.0,-15.430656867389953,0.0,0,1,6,0.0,10343.0,0
47.821,2586.889108064158,198.0,-15.38402501711721,0.0,0,1,5,-1.0,10843.0,0
47.862,2593.415080401936,195.77917013333337,-15.046277648403127,0.0,0,1,5,0.0,10853.079150933334,0
48.061,2602.6393859574914,185.0,-16.32944092690866,0.0,0,1,4,-1.0,10902.0,0
48.221,2606.5525804019358,175.0,-8.733919944752415,0.0,0,1,4,0.0,10885.0,0
48.222,2610.4407748908247,174.968752,-8.680003494017468,0.0,0,1,4,0.0,10888.9747456,0
48.381,2619.436608224158,170.0,-12.786168638206831,0.0,0,1,4,0.0,11521.0,0
48.603,2624.609941273047,155.19999146666666,-18.51839750861882,0.0,0,1,4,0.0,10958.599675733334,0
48.621,2630.171052384158,154.0,-18.266563901342746,0.0,0,1,3,-1.0,10913.0,0
48.863,2635.655774873047,141.03572114285714,-14.880994635347633,0.0,0,1,3,0.0,10077.236156342857,0
48.901,2639.478274873047,139.0,-13.357824696420138,0.0,0,1,3,0.0,9946.0,0
49.061,2644.765774873047,135.0,-7.929466857858955,0.0,0,1,3,0.0,9896.0,0
49.183,2647.681052739714,131.187504,-8.680575687854116,0.0,0,1,3,0.0,9042.000896,0
49.221,2653.0977194063803,130.0,-9.842949921538944,0.0,0,1,3,0.0,8776.0,0
49.483,2657.498274641936,113.15713462857144,-17.857024597115696,0.0,0,1,3,0.0,9368.307432228572,0
49.501,2660.9204968641584,112.0,-17.24825948880548,0.0,0,1,3,0.0,9409.0,0
49.703,2664.4013303574916,104.4250048,-10.41669515372655,0.0,0,1,3,0.0,8835.8253632,0
49.741,2668.378274801936,103.0,-9.467456350709718,0.0,0,1,2,-1.0,8728.0,0
49.981,2672.017163690825,100.0,-13.014280977717135,0.0,0,1,2,0.0,7854.0,0
50.003,2674.517135751269,98.8999936,-13.888959928960752,0.0,0,1,2,0.0,7805.37971712,0
50.163,2676.764385593047,90.8999936,-13.888800110971715,0.0,0,1,2,0.0,7451.77971712,0
50.181,2678.989385593047,90.0,-13.537676515466291,0.0,0,1,2,0.0,7412.0,0
50.341,2682.0460522597136,84.0,-6.411392081099592,0.0,0,1,2,0.0,7058.0,0
50.443,2685.7393623653925,82.58333155555556,-3.8580265770877453,0.0,0,1,2,0.0,6955.433204622223,0
50.663,2688.5891077994665,79.52777955555555,-3.8580351115302847,0.0,0,1,2,0.0,6734.2112398222225,0
50.701,2690.5641077994665,79.0,-3.6718705087063093,0.0,0,0,2,0.0,6696.0,0
50.843,2693.577163301689,77.47857005714286,-2.9761903984292246,0.0,0,0,2,0.0,6545.885578971429,0
50.981,2697.1449410794667,76.0,-2.3281189639049558,0.0,0,0,2,0.0,6400.0,0
51.181,2701.3220244128,75.0,-2.7639752194968565,12.0,0,0,2,0.0,6442.0,0
51.382,2706.1320244128,72.0,-1.1697465055674137,21.0,0,0,3,1.0,5692.0,0
51.662,2710.0903577461336,75.0,2.062447786131969,23.0,0,0,3,0.0,5700.0,0
51.762,2713.451468857245,75.625,1.7361111111111214,25.1875,0,0,3,0.0,5782.5,0
51.982,2717.9431355239117,77.0,3.944633408919067,30.0,0,0,3,0.0,5964.0,0
52.182,2721.1042466350227,81.28571428571429,5.952380952380992,40.0,0,0,3,0.0,6259.0,0
52.262,2723.870913301689,83.0,8.019179894180056,44.0,0,0,3,0.0,6377.0,0
52.422,2726.620913301689,90.0,8.941696613640772,44.0,0,0,3,0.0,6657.0,0
52.482,2728.658053499339,91.67130889425134,7.737541177089341,47.84401045677808,0,0,3,0.0,6848.030606612928,0
52.582,2732.5806354842953,94.45682371800358,7.73754200934885,54.250694551408216,0,0,3,0.0,7166.414950967808,0
52.781,2735.9139688176288,100.0,13.55777771133603,67.0,0,0,3,0.0,7800.0,0
52.822,2739.9017538411845,102.1781216,14.75692477022509,68.4093728,0,0,3,0.0,7911.8529504,0
53.062,2744.3552185531844,114.9281216,14.756965275862854,76.6593728,0,0,3,0.0,8566.6029504,0
53.101,2747.930218553184,117.0,14.479974904620278,78.0,0,0,3,0.0,8673.0,0
53.282,2754.907857273184,125.59749696,13.194443634916311,82.97749824,0,0,3,0.0,9196.08981504,0
53.501,2759.4411906065175,136.0,11.715824631924306,89.0,0,0,3,0.0,9829.0,0
53.522,2763.262284282073,136.87499733333334,11.57404248598235,89.5249984,0,0,3,0.0,9940.212161066667,0
53.702,2767.6536904509617,144.37499733333334,11.574089685048307,94.0249984,0,0,3,0.0,10893.462161066667,0
53.741,2775.744523784295,146.0,11.875771337174449,95.0,0,0,3,0.0,11100.0,0
54.101,2785.3924404509617,165.0,12.21920585377768,100.0,1,0,3,0.0,10442.0,0
54.162,2794.703134744295,167.59249728,11.805545398176317,100.0,1,0,3,0.0,10544.78489216,0
54.501,2803.2975791887393,182.0,3.496510464050516,100.0,1,0,4,1.0,11116.0,0
54.502,2809.364662495406,182.0124992,3.4720009297881993,100.0,1,0,4,0.0,11117.4290752,0
54.741,2815.5313291620723,185.0,12.692089818730892,100.0,1,0,4,0.0,11459.0,0
54.742,2821.699523508739,185.0458304,12.73067007596894,100.0,1,0,4,0.0,11460.0332672,0
54.981,2830.9550790642943,196.0,7.96617094153828,100.0,1,0,4,0.0,11707.0,0
55.082,2838.66146789985,198.16428434285712,5.952379308800829,100.0,1,0,4,0.0,11335.103807085714,0
55.261,2845.98396789985,202.0,9.01408366043654,100.0,1,0,5,1.0,10676.0,0
55.343,2855.098412130961,205.0749952,10.416656008744894,100.0,1,0,5,0.0,10772.8623488,0
55.581,2862.826189908739,214.0,9.35724351987983,100.0,1,0,5,0.0,11054.0,0
55.603,2869.9839678287385,214.7333376,9.25930769468411,100.0,1,0,5,0.0,11087.5501952,0
55.821,2882.872301162072,222.0,8.05200874022708,100.0,1,0,5,0.0,11420.0,0
56.021,2890.5020233842943,227.0,5.7965883947699695,100.0,1,0,5,0.0,11617.0,0
56.063,2896.830912202072,227.83999744,5.555543125041908,100.0,1,0,5,0.0,11577.52012032,0
56.221,2901.964245535405,231.0,4.640911167352897,100.0,1,0,5,0.0,11429.0,0
56.223,2909.087773247405,231.0333312,4.629336051192604,100.0,1,0,5,0.0,11422.7170688,0
56.443,2916.8459122068125,234.70000213333333,4.629599605138992,100.0,1,0,5,0.0,10731.549597866666,0
56.461,2924.679245540146,235.0,4.629599377154989,100.0,1,0,6,1.0,10675.0,0
56.683,2936.614245646813,238.70000213333333,4.629628004816482,100.0,1,0,6,0.0,10819.3000832,0
56.821,2947.325356757924,241.0,4.9367869271650875,100.0,1,0,6,0.0,10909.0,0
57.003,2963.693273589377,244.5000024615385,5.341880958993258,100.0,1,0,6,0.0,11026.950082953848,0
57.303,2975.4420234738213,250.26922830769232,5.341895800137991,100.0,1,0,6,0.0,11221.372993969231,0
57.341,2980.322579029377,251.0,5.148569835178705,100.0,1,0,6,0.0,11246.0,0
57.443,2992.9575791360435,252.70000213333333,4.629633142490519,100.0,1,0,6,0.0,11302.950071466666,0
57.701,3006.5214680249323,257.0,3.248936570730848,100.0,1,0,6,0.0,11447.0,0
57.823,3017.349014713263,258.14018594695295,2.5960543836392844,100.0,1,0,6,0.0,11508.18997915314,0
58.003,3024.530218032907,259.82243166553155,2.5960311389562776,100.0,1,0,6,0.0,11598.470499383526,0
58.022,3034.605218032907,260.0,2.689477342793495,100.0,1,0,6,0.0,11608.0,0
58.282,3044.8607735884625,263.7142857142857,3.968253968253066,100.0,1,0,6,0.0,10616.285714285714,0
58.302,3053.6607735884627,264.0,3.7340167548491223,100.0,1,0,6,0.0,10540.0,0
58.522,3062.4913291440184,264.9166666666667,1.1574074074078453,100.0,1,0,6,0.0,10603.25,0
58.542,3067.6441069217963,265.0,1.4880952380952834,100.0,1,0,7,1.0,10609.0,0
58.662,3079.4885513662407,266.5,3.472222222222115,100.0,1,0,7,0.0,10651.375,0
58.862,3096.674662477352,269.0,3.0983558970966243,100.0,1,0,7,0.0,10722.0,0
59.122,3108.7011902333948,271.4451405752696,2.6123319840435215,100.0,1,0,7,0.0,10842.626935046634,0
59.181,3116.9745235667283,272.0,2.376272862370371,100.0,1,0,7,0.0,10870.0,0
59.341,3130.662440233395,273.0,1.9925999605950722,100.0,1,0,7,0.0,10884.0,0
59.542,3139.818273548951,274.6749994666667,2.314817876429288,100.0,1,0,7,0.0,10987.849966933334,0
59.581,3145.165495771173,275.0,2.2503330605489964,100.0,1,0,7,0.0,11008.0,0
59.682,3157.4596842914398,275.75749952,2.083332428570017,100.0,1,0,7,0.0,11025.6749888,0
59.902,3168.9798012853953,277.40749952,2.0833345751660772,100.0,1,0,7,0.0,11064.1749888,0
59.981,3179.018690174284,278.0,2.2943384833438643,100.0,1,0,7,0.0,11078.0,0
60.162,3186.791190156506,279.80999936,2.7777861523054526,100.0,1,0,7,0.0,11118.7249856,0
60.181,3197.6800790453954,280.0,2.7239315912844475,100.0,1,0,7,0.0,11123.0,0
60.442,3208.6414679165064,281.86428525714285,1.9841331809730036,100.0,1,0,7,0.0,11154.69284937143,0
60.461,3215.6523012498396,282.0,1.9578072509024196,100.0,1,0,7,0.0,11157.0,0
60.621,3229.055495694284,283.0,1.5731913629253427,100.0,1,0,7,0.0,11152.0,0
60.802,3236.9417456853953,283.90499968,1.3888930761518168,100.0,1,0,7,0.0,11197.249984,0
60.821,3244.041745685395,284.0,0.8757759351674252,100.0,1,0,7,0.0,11202.0,0
60.982,3253.4413290453954,281.9875008,-3.4722236548994942,32.91669333333333,0,0,7,0.0,11138.270858666669,0
61.061,3267.4523012676177,281.0,-4.454615980026141,0.0,0,0,7,0.0,11107.0,0
61.341,3278.8652179342844,273.0,-8.090293261146144,0.0,0,0,7,0.0,10538.0,0
61.362,3287.2260009776915,272.38750186666664,-8.101829506731569,0.0,0,0,7,0.0,10508.8625888,0
61.562,3295.3336902705805,266.5541685333333,-8.101876774633638,0.0,0,0,7,0.0,10231.3625888,0
61.581,3304.902301381692,266.0,-9.375472163891601,0.0,0,1,7,0.0,10205.0,0
61.821,3317.8478569372473,244.0,-18.191301253321853,0.0,0,1,7,0.0,9544.0,0
61.963,3323.1123012394696,236.8999936,-13.888802643018607,0.0,0,1,7,0.0,10033.0129408,0
61.981,3331.568967906136,236.0,-14.292543784093965,0.0,0,1,7,0.0,10095.0,0
62.221,3343.7356345728026,219.0,-23.495370370370125,0.0,0,1,7,0.0,10520.0,0
62.381,3350.592301239469,204.0,-22.598118994825995,0.0,0,1,6,-1.0,10541.0,0
62.463,3358.8910099754694,197.8500096,-20.833316225410165,0.0,0,1,6,0.0,10560.7312192,0
62.683,3364.885634658136,181.3499904,-20.8331982231266,0.0,0,1,6,0.0,10613.6687808,0
62.701,3369.885634658136,180.0,-19.833199133902447,0.0,0,1,5,-1.0,10618.0,0
62.883,3374.7086900892473,173.62999552,-9.722159924026528,0.0,0,1,5,0.0,10205.76971008,0
62.901,3383.7911900892473,173.0,-9.4429088771309,0.0,0,1,4,-1.0,10165.0,0
63.261,3392.7045234225807,168.0,-4.585217033629306,0.0,0,0,4,0.0,9718.0,0
63.283,3396.9419215168027,167.6333312,-4.629653309653349,0.0,0,0,4,0.0,9700.583232,0
63.443,3401.936745526284,164.96666453333333,-4.629622130830512,0.0,0,0,4,0.0,9573.916565333331,0
63.501,3406.9023010818396,164.0,-4.78358917126539,0.0,0,0,4,0.0,9528.0,0
63.661,3411.8664677485062,161.0,-4.457588782330731,0.0,0,0,4,0.0,9303.0,0
63.723,3416.3128565840616,160.06999808,-4.166671404082948,0.31000064,0,0,4,0.0,9266.72992512,0
63.861,3425.5295232507283,158.0,-4.79414332427843,1.0,0,0,4,0.0,9186.0,0
64.143,3432.2775789307284,151.8312528,-6.076406598648077,30.9624864,0,0,4,0.0,9129.6000256,0
64.181,3436.052578930728,151.0,-4.793611825861426,35.0,0,0,4,0.0,9122.0,0
64.323,3439.4081344862834,151.0,0.0,42.9875072,0,0,4,0.0,9148.625024,0
64.341,3444.0010511529504,151.0,0.2271746291367691,44.0,0,0,4,0.0,9152.0,0
64.542,3449.5473011529507,153.0,3.8442049014187205,48.0,0,0,4,0.0,9388.0,0
64.602,3451.6848011529505,153.9,4.1666666666670835,50.1,0,0,4,0.0,9436.9,0
64.642,3454.688967819617,154.5,4.166666666667055,51.5,0,0,4,0.0,9469.5,0
64.742,3461.6223011529505,156.0,3.587962962962692,55.0,0,0,4,0.0,9551.0,0
64.962,3466.8834122640615,157.83333333333334,2.314814814814781,67.83333333333333,0,0,4,0.0,9844.333333333334,0
64.982,3471.711190041839,158.0,2.7356902356901074,69.0,0,0,4,0.0,9871.0,0
65.182,3477.1445233751724,163.0,6.944444444445594,73.16666666666667,0,0,4,0.0,10099.333333333334,0
65.222,3484.433412264061,164.0,6.944444444445523,74.0,0,0,4,0.0,10145.0,0
65.502,3494.408412264061,171.0,6.1728395061728065,83.0,0,0,4,0.0,10615.0,0
65.642,3498.273227078876,173.91666666666666,5.787037037034224,83.58333333333333,0,0,4,0.0,10729.916666666666,0
65.662,3500.6945233751726,174.33333333333334,5.787037037034409,83.66666666666667,0,0,4,0.0,10746.333333333334,0
65.742,3508.49230115295,176.0,5.7931093991908895,84.0,0,0,4,0.0,10812.0,0
65.981,3516.0339678196165,181.0,8.294708726670251,100.0,1,0,4,0.0,10068.0,0
66.042,3523.1491066285053,182.96071222857145,8.928564670152156,100.0,1,0,4,0.0,10050.78930377143,0
66.261,3533.7046621840605,190.0,8.222469939965464,100.0,1,0,5,1.0,9989.0,0
66.442,3544.536745419616,194.97749824,7.638888420214556,100.0,1,0,5,0.0,10227.01491584,0
66.661,3551.79507875295,201.0,7.053944212774468,100.0,1,0,5,0.0,10515.0,0
66.702,3560.7739675707276,202.0249984,6.9444351973274365,100.0,1,0,5,0.0,10541.265584,0
66.981,3574.707300904061,209.0,7.521080547424901,100.0,1,0,5,0.0,10720.0,0
67.182,3583.058411944061,214.74285531428572,7.936511839037053,100.0,1,0,5,0.0,11107.642733714283,0
67.261,3589.0861897218388,217.0,8.001820980277984,100.0,1,0,5,0.0,11260.0,0
67.382,3596.437161881839,220.5291648,8.101851923873028,100.0,1,0,5,0.0,11375.4541056,0
67.501,3604.5260507707276,224.0,5.98290762455926,100.0,1,0,5,0.0,11489.0,0
67.642,3609.5429951973942,225.7624992,3.472232342084226,100.0,1,0,5,0.0,11639.6936816,0
67.661,3616.44855075295,226.0,3.7721064544369938,100.0,1,0,5,0.0,11660.0,0
67.862,3628.67362358495,231.0249984,6.944443399798871,100.0,1,0,5,0.0,11212.318324363636,0
68.042,3636.4917450596167,235.5249984,6.944450117801125,100.0,1,0,5,0.0,10811.409233454546,0
68.101,3645.0829950596167,237.0,5.6362693226097065,100.0,1,0,6,1.0,10680.0,0
68.303,3653.0110505973944,237.84166613333332,1.1574105726363086,100.0,1,0,6,0.0,10806.24992,0
68.341,3658.299939486283,238.0,2.3485739654234123,100.0,1,0,6,0.0,10830.0,0
68.463,3670.3354948996166,240.71110826666663,6.1728363495974605,99.32222293333334,1,0,6,0.0,10910.655470933334,0
68.701,3681.9521615662834,246.0,2.8240762900716163,98.0,1,0,6,0.0,11068.0,0
68.803,3688.799661584061,246.51000064,1.3888888177494323,84.73998336,0,0,6,0.0,10981.80989184,0
68.901,3694.9746615840613,247.0,0.09259260930764412,72.0,0,0,6,0.0,10899.0,0
68.983,3704.568828268506,246.7071433142857,-0.9920625848105686,69.9500032,0,0,6,0.0,10853.021500342857,0
69.181,3712.0854949351724,246.0,-1.6617155042476952,65.0,0,0,6,0.0,10742.0,0
69.203,3723.012717121839,245.8624992,-1.736120466408897,64.9312496,0,0,6,0.0,10754.3063216,0
69.501,3737.2460504551727,244.0,-1.73610960210641,64.0,0,0,6,0.0,10921.0,0
69.623,3742.651328250728,243.2375008,-1.7361151375705504,64.0,0,0,6,0.0,10797.4751296,0
69.661,3745.351328250728,243.0,-1.7361116680589248,64.0,0,0,6,0.0,10759.0,0
69.703,3754.858547032061,242.7375008,-1.736106608127976,63.8687504,0,0,6,0.0,10752.43752,0
69.943,3764.1729949796163,241.2375008,-1.7361161597038972,63.1187504,0,0,6,0.0,10714.93752,0
69.981,3773.4782727573943,241.0,-1.9734263115824078,63.0,0,0,6,0.0,10709.0,0
70.221,3782.13882831295,238.0,-1.5638326779253475,64.0,0,0,6,0.0,10535.0,0
70.243,3788.152158852328,237.88999936,-1.3888959928970408,64.5500032,0,0,6,0.0,10541.98504064,0
70.403,3800.599383818728,237.08999936,-1.3888885437060026,68.5500032,0,0,6,0.0,10592.78504064,0
70.621,3813.7104949298387,236.0,-0.28787817484871425,74.0,0,0,6,0.0,10662.0,0
70.803,3826.253551763455,236.41363665454543,0.6313133637740691,76.48181992727272,0,0,6,0.0,10657.4499968,0
71.003,3834.741328289031,236.8681821090909,0.631312051279906,79.20909265454546,0,0,6,0.0,10652.4499968,0
71.061,3841.950078289031,237.0,0.6932947816339095,80.0,0,0,6,0.0,10651.0,0
71.222,3852.538689395711,237.5015575330208,0.8653513337127094,82.00623013208326,0,0,6,0.0,10712.19001902854,0
71.382,3859.8109116179335,238.0,1.6790063989577675,84.0,0,0,6,0.0,10773.0,0
71.442,3867.7585306655524,238.42857142857144,1.9841269841273288,84.64285714285714,0,0,6,0.0,10780.07142857143,0
71.622,3875.083133840156,239.71428571428572,1.9841269841269877,86.57142857142857,0,0,6,0.0,10801.285714285714,0
71.662,3883.083133840156,240.0,1.8849206349206966,87.0,0,0,6,0.0,10806.0,0
71.862,3891.116467173489,241.0,2.160493827160508,88.0,0,0,6,0.0,10897.0,0
71.902,3899.160911617934,241.33333333333337,2.3148148148147314,88.33333333333333,0,0,6,0.0,10900.666666666666,0
72.102,3912.660911617934,243.0,2.104377104377022,90.0,0,0,6,0.0,10919.0,0
72.302,3925.557881314903,244.36363636363637,1.8939393939394336,82.72727272727273,0,0,6,0.0,10895.818181818182,0
72.482,3933.7442449512664,245.5909090909091,1.8939393939391493,76.18181818181819,0,0,6,0.0,10874.954545454546,0
72.542,3945.3267449512664,246.0,1.0300814789820194,74.0,0,0,6,0.0,10868.0,0
72.821,3959.5017449512666,243.0,-11.958827058933991,51.0,0,1,6,0.0,10714.0,0
72.962,3969.929661786822,234.6281288,-16.493053966303904,28.5281352,0,1,6,0.0,10440.812624,0
73.141,3978.0185506757107,224.0,-16.066175284499536,0.0,0,1,6,0.0,10094.0,0
73.222,3989.6269556311395,219.37143222857145,-15.873005997708631,0.0,0,1,6,0.0,10038.891114971428,0
73.522,4004.2323527206636,202.22857508571428,-15.873015873015675,0.0,0,1,6,0.0,9834.783972114286,0
73.742,4017.402987895267,189.65714651428573,-15.873015873015873,0.0,0,1,6,0.0,9685.105400685714,0
74.022,4028.4977500336795,173.65714651428573,-15.873015873016271,0.0,0,1,6,0.0,9494.605400685714,0
74.202,4033.9207739646,163.37143222857142,-15.873028840688562,0.0,0,1,6,0.0,9372.14111497143,0
74.261,4040.5652184090445,160.0,-14.567974040752908,0.0,0,1,4,-2.0,9332.0,0
74.501,4048.1863295201556,152.0,-5.873600668821922,0.0,0,1,4,0.0,9041.0,0
74.622,4052.3581351023777,150.18500096,-4.166667838337673,0.0,0,1,4,0.0,8804.44512512,0
74.701,4059.0010517690444,149.0,-4.2288165955474355,0.0,0,0,4,0.0,8650.0,0
74.943,4067.8713296712667,145.15000203636365,-4.419192438619319,0.0,0,0,4,0.0,8447.600107054546,0
75.141,4072.2102185601557,142.0,-6.691955841243498,0.0,0,0,4,0.0,8282.0,0
75.163,4075.353551822378,141.4499968,-6.944478407263276,0.9625056,0,0,4,0.0,8268.6624224,0
75.301,4080.3368851557116,138.0,-2.5213652723811606,7.0,0,0,4,0.0,8185.0,0
75.423,4084.1871629157117,138.60999936,1.3888897108961942,30.17997568,0,0,4,0.0,8405.20976896,0
75.501,4088.820496249045,139.0,1.5823422987985936,45.0,0,0,4,0.0,8546.0,0
75.663,4094.2710517690452,140.15714194285715,1.984127568694987,45.57857097142857,0,0,4,0.0,8591.707106742857,0
75.781,4098.187718435713,141.0,3.5449701636297846,46.0,0,0,4,0.0,8625.0,0
75.863,4103.763746129935,142.3666645333333,4.629624504283129,48.0499968,0,0,4,0.0,8690.5998976,0
76.063,4109.389384936453,145.69999786666668,4.629635095342337,53.0499968,0,0,4,0.0,8850.5998976,0
76.141,4113.88105160312,147.0,5.002685017724843,55.0,0,0,4,0.0,8913.0,0
76.283,4120.58511611415,149.90454807272727,5.68181748126014,63.06818909090909,0,0,4,0.0,9156.336582981818,0
76.463,4126.94188494518,153.5863610181818,5.681818704850656,73.29544727272727,0,0,4,0.0,9464.790689745454,0
76.581,4130.841884945181,156.0,6.923413049393162,80.0,0,0,4,0.0,9667.0,0
76.643,4137.89417298009,157.69091258181817,7.575768768305117,81.69091258181818,0,0,4,0.0,9816.223035345454,0
76.903,4146.545218251363,164.7818146909091,7.575760899657098,88.78181469090909,0,0,4,0.0,10441.995146472727,0
77.021,4151.678551584696,168.0,9.720320752506098,92.0,0,0,4,0.0,10726.0,0
77.123,4160.291051851363,172.25000533333332,11.574082856225722,94.26666951111112,0,0,4,0.0,10889.766872177775,0
77.381,4167.4077185180295,183.0,13.70708458971103,100.0,1,0,4,0.0,11304.0,0
77.403,4171.498829771363,184.1000064,13.88895681451912,100.0,1,0,4,0.0,11353.9127904,0
77.541,4179.430635326918,191.0,9.867540974324186,100.0,1,0,4,0.0,11667.0,0
77.702,4184.334524215807,194.0,9.373255371268442,100.0,1,0,4,0.0,11527.0,0
77.723,4187.580357663426,194.7500068571429,9.920706383563385,100.0,1,0,4,0.0,11461.824404114286,0
77.822,4194.713135441204,198.28571428571428,9.920623034908544,100.0,1,0,4,0.0,11154.57142857143,0
77.982,4199.8131354412035,204.0,9.33274544385722,100.0,1,0,5,1.0,10658.0,0
78.002,4206.635357663426,204.66666666666663,9.259259259260809,100.0,1,0,5,0.0,10684.916666666666,0
78.222,4214.87980210787,212.0,7.440476190476147,100.0,1,0,5,0.0,10981.0,0
78.282,4221.996468774537,213.5,6.944444444444201,100.0,1,0,5,0.0,11045.5,0
78.462,4229.868690996759,218.0,8.146367521367665,100.0,1,0,5,0.0,11239.0,0
78.542,4234.768690996759,220.5,8.680555555555713,100.0,1,0,5,0.0,11362.0,0
78.622,4242.202024330092,223.0,7.523148148148323,100.0,1,0,5,0.0,11485.0,0
78.782,4250.363135441204,226.0,5.422008547008204,100.0,1,0,5,0.0,11662.0,0
78.882,4256.696468774537,228.0,5.555555555555486,100.0,1,0,5,0.0,11312.0,0
78.982,4262.446468774537,230.0,6.80941358024711,100.0,1,0,5,0.0,10962.0,0
79.062,4270.1881354412035,232.25,7.812500000000227,100.0,1,0,5,0.0,10894.0,0
79.222,4278.079802107871,236.75,7.812499999999318,100.0,1,0,5,0.0,10758.0,0
79.302,4288.702024330093,239.0,7.020006176562347,100.0,1,0,6,1.0,10690.0,0
79.542,4300.818829849994,243.0111413462032,4.642526375437058,100.0,1,0,6,0.0,10928.66291009909,0
79.661,4308.98549651666,245.0,5.783892680677525,100.0,1,0,6,0.0,11047.0,0
79.782,4317.252996463326,248.0249984,6.944444506177206,100.0,1,0,6,0.0,11156.9082752,0
79.901,4324.2252186855485,251.0,4.8784721024540545,100.0,1,0,6,0.0,11265.0,0
79.982,4332.6256353255485,252.0124992,3.47222087636203,100.0,1,0,6,0.0,11295.374976,0
80.141,4341.092301992215,254.0,4.458083192647223,100.0,1,0,6,0.0,11355.0,0
80.222,4351.026329725548,255.44642742857144,4.96031513633271,100.0,1,0,6,0.0,11427.032085942858,0
80.421,4359.659663058881,259.0,3.726434270461823,100.0,1,0,6,0.0,11604.0,0
80.462,4369.787859208214,259.5124992,3.47221759299444,100.0,1,0,6,0.0,11476.1314496,0
80.702,4379.960218552214,262.5124992,3.4722271237326368,100.0,1,0,6,0.0,10727.6314496,0
80.741,4387.229246329992,263.0,3.4722268035335446,100.0,1,0,6,0.0,10606.0,0
80.901,4393.154940774436,265.0,1.9932436162780505,100.0,1,0,7,1.0,10548.0,0
80.902,4399.08079493088,265.0071424,1.9840007887244626,100.0,1,0,7,0.0,10548.3821184,0
81.062,4409.394107413165,266.14999954285713,1.9841275960802705,100.0,1,0,7,0.0,10609.524975542858,0
81.181,4422.707024079832,267.0,2.861049187239047,100.0,1,0,7,0.0,10655.0,0
81.421,4432.568412968721,271.0,1.9790875677904296,100.0,1,0,7,0.0,10805.0,0
81.443,4438.593690764276,271.1375008,1.7361196018156733,100.0,1,0,7,0.0,10809.6750272,0
81.581,4449.927024097609,272.0,3.0671270773942183,100.0,1,0,7,0.0,10839.0,0
81.743,4459.0836906931645,274.69999786666665,4.629633568991608,100.0,1,0,7,0.0,10907.8499456,0
81.821,4466.7503573598315,276.0,3.501161331402784,100.0,1,0,7,0.0,10941.0,0
81.943,4479.050912879832,276.7624992,1.7361104119518131,100.0,1,0,7,0.0,10979.8874592,0
82.141,4488.3175795464995,278.0,3.1683942440279225,100.0,1,0,7,0.0,11043.0,0
82.183,4497.601746159833,278.5249984,3.4722138848807305,100.0,1,0,7,0.0,11064.174935466666,0
82.381,4505.407301715388,281.0,1.4096342446646304,100.0,1,0,7,0.0,11164.0,0
82.383,4513.213135030944,281.00999936,1.3888008978642397,100.0,1,0,7,0.0,11163.9500032,0
82.581,4524.179801697611,282.0,2.043648501429402,100.0,1,0,7,0.0,11159.0,0
82.663,4537.607259980277,282.68333226666664,2.314812614284264,100.0,1,0,7,0.0,11197.266606933334,0
82.923,4548.605635021463,284.85000106666666,2.314799567297996,100.0,1,0,7,0.0,11318.600059733331,0
82.941,4554.938968354796,285.0,2.152039877123677,100.0,1,0,7,0.0,11327.0,0
83.083,4567.625357261462,285.4437504,0.8680557138084168,100.0,1,0,7,0.0,11366.937536,0
83.261,4575.569801705907,286.0,2.4132078606289724,100.0,1,0,7,0.0,11417.0,0
83.283,4588.290079537018,286.2062512,2.6041806996132735,100.0,1,0,7,0.0,11416.312496,0
83.581,4601.937301759241,289.0,1.8433367276813897,100.0,1,0,7,0.0,11407.0,0
83.623,4608.365357297018,289.2624992,1.736107703345283,100.0,1,0,7,0.0,11418.2874656,0
83.741,4616.420912852573,290.0,1.3946756321100793,100.0,1,0,7,0.0,11450.0,0
83.823,4626.09896839035,290.3416661333333,1.1574065383693437,100.0,1,0,7,0.0,11458.883319466666,0
83.981,4635.798968390351,291.0,1.309798275797334,100.0,1,0,7,0.0,11476.0,0
84.063,4643.893690594795,291.40999936,1.3888882274585512,100.0,1,0,7,0.0,11488.2999808,0
84.181,4655.2086905947945,292.0,-0.10137314524953922,100.0,1,0,7,0.0,11506.0,0
84.342,4669.787210735184,290.76272856178156,-2.134699202154138,84.53410702226978,0,0,7,0.0,11411.34873497629,0
84.542,4687.462117361712,289.22574479774033,-2.134699672279538,65.32180997175392,0,0,7,0.0,11293.769477027134,0
84.782,4707.419156547885,287.3813642808908,-2.134699672279538,42.26705351113489,0,0,7,0.0,11152.674367488144,0
85.042,4724.8592462104625,285.38328538763716,-2.1346996722795666,17.29106734546427,0,0,7,0.0,10999.82133215424,0
85.222,4733.53702398824,284.0,-15.160854485866366,0.0,0,0,7,0.0,10894.0,0
85.262,4741.353690654907,281.4,-18.055555555553653,0.0,0,0,7,0.0,10825.2,0
85.422,4754.1509128771295,271.0,-20.669934640522598,0.0,0,1,7,0.0,10550.0,0
85.602,4761.253690654908,255.7,-23.61111111111495,0.0,0,1,7,0.0,10015.4,0
85.622,4764.781468432685,254.0,-23.287037037040562,0.0,0,1,7,0.0,9956.0,0
85.702,4773.03702398824,247.66666666666663,-21.990740740741217,0.0,0,1,7,0.0,9685.666666666666,0
85.862,4782.828690654907,235.0,-25.118424739024334,0.0,0,1,7,0.0,9145.0,0
86.002,4792.649179778831,220.96100528828876,-27.855148237521803,0.0,0,1,7,0.0,9264.72142712487,0
86.182,4798.821052051256,202.9108692303743,-27.855185808216447,0.0,0,1,7,0.0,9418.64897628542,0
86.221,4805.4267464957,199.0,-27.162644866276423,0.0,0,1,7,0.0,9452.0,0
86.421,4811.013135384589,182.0,-19.301643050393977,0.0,0,1,6,-1.0,9683.0,0
86.442,4815.552590354875,180.5750043428571,-18.84915556892986,0.0,0,1,6,0.0,9707.6749248,0
86.602,4821.65771898332,169.71786148571428,-18.84921387683363,0.0,0,1,6,0.0,9895.6749248,0
86.701,4827.996607872208,163.0,-17.50461200494297,0.0,0,1,4,-2.0,10012.0,0
86.882,4833.103135765542,153.1958368,-15.046307297465432,0.0,0,1,4,0.0,9185.4336256,0
86.941,4838.498969098875,150.0,-14.149876753267137,0.0,0,1,4,0.0,8916.0,0
87.141,4845.224246876653,142.0,-8.667316496005697,0.0,0,1,4,0.0,8246.0,0
87.282,4851.782576813542,138.4750016,-6.944442595712502,0.0,0,1,4,0.0,8030.0137344,0
87.482,4857.3254970188755,133.4750016,-6.944447447345851,0.0,0,1,4,0.0,7723.6500980363635,0
87.581,4862.056052574431,131.0,-6.944446173257674,0.0,0,0,4,0.0,7572.0,0
87.742,4866.288552627764,126.9750016,-6.944447309799386,0.0,0,0,4,0.0,7413.683396266667,0
87.821,4872.208691516653,125.0,-5.93893016305131,0.0,0,0,4,0.0,7336.0,0
88.083,4877.655080352209,122.5437488,-2.6041621918047895,0.0,0,0,4,0.0,7141.1374048,0
88.141,4881.721747018875,122.0,-1.3594666596023046,0.0,0,0,4,0.0,7098.0,0
88.323,4890.687701270608,123.66833450666668,2.5462967942660484,10.161673813333334,0,0,4,0.0,7290.92013568,0
88.663,4903.366201153275,126.78499882666668,2.546296094484525,29.14499285333333,0,0,4,0.0,7651.31986432,0
89.043,4914.583752180238,130.26833450666666,2.5462969603219676,50.36167381333333,0,0,4,0.0,8054.12013568,0
89.283,4920.06646935843,132.46833450666668,2.5462917705951327,63.76167381333333,0,0,4,0.0,8308.52013568,0
89.341,4924.499802691764,133.0,3.6091790176788834,67.0,0,0,4,0.0,8370.0,0
89.523,4929.08480279843,137.5500032,6.944434002778223,78.375008,0,0,4,0.0,8776.466952533334,0
89.581,4931.787580576208,139.0,10.540655522181254,82.0,0,0,4,0.0,8906.0,0
89.663,4934.978969305097,143.6124928,15.62500125078202,83.5374976,0,0,4,0.0,9192.4870528,0
89.741,4939.871191527319,148.0,14.487062055591025,85.0,0,0,4,0.0,9465.0,0
89.901,4949.3434137495415,155.0,10.980339105339276,96.0,1,0,4,0.0,9717.0,0
90.181,4957.588969305098,164.0,12.276956560036012,100.0,1,0,4,0.0,10396.0,0
90.263,4965.564866742188,167.91363025454547,13.257563154535873,100.0,1,0,4,0.0,10586.27697570909,0
90.523,4974.5309137631175,180.32273338181815,13.257566755032883,100.0,1,0,4,0.0,11189.595751563636,0
90.621,4979.1559137631175,185.0,9.820412696848393,100.0,1,0,4,0.0,11417.0,0
90.703,4983.312580358674,187.0499968,6.944445000347059,100.0,1,0,4,0.0,11516.937344,0
90.781,4989.061330358673,189.0,8.30788393682829,100.0,1,0,4,0.0,11612.0,0
90.922,4995.570611240639,194.46814253174827,10.772545279490942,100.0,1,0,4,0.0,11168.68987331898,0
91.022,5001.631191393945,198.34625956277176,10.772547308398515,100.0,1,0,4,0.0,10854.285385446716,0
91.142,5008.397858060612,203.0,10.015903283829317,100.0,1,0,5,1.0,10477.0,0
91.262,5018.747858060612,207.0,9.259259259259125,100.0,1,0,5,0.0,10690.333333333334,0
91.502,5028.303413616168,215.0,8.564814814815122,100.0,1,0,5,0.0,11117.0,0
91.582,5034.342302505057,217.4,8.333333333333314,100.0,1,0,5,0.0,11207.8,0
91.702,5039.2534136161685,221.0,2.0833333333332575,100.0,1,0,5,0.0,11344.0,0
91.742,5046.620080282835,221.0,1.9184653865522705e-13,100.0,1,0,5,0.0,11390.833333333334,0
91.942,5057.670080282835,221.0,8.680555555554491,100.0,1,0,5,0.0,11625.0,0
92.102,5064.697858060614,230.0,8.47011784511733,100.0,1,0,5,0.0,10785.0,0
92.162,5072.406191393947,231.25,5.787037037037024,100.0,1,0,5,0.0,10739.0,0
92.342,5086.767302505058,235.0,3.4196127946129877,100.0,1,0,6,1.0,10601.0,0
92.602,5099.790219171725,235.0,-5.684341886080802e-14,100.0,1,0,6,0.0,10731.325793631951,0
92.741,5105.665219171725,235.0,0.0,100.0,1,0,6,0.0,10801.0,0
92.782,5112.878413616169,235.0,9.947598300641403e-14,100.0,1,0,6,0.0,10801.0,0
92.962,5119.373552505058,235.0,0.0,100.0,1,0,6,0.0,10801.0,0
92.981,5126.5541080606135,235.0,0.4797978270265233,100.0,1,0,6,0.0,10801.0,0
93.182,5139.832996878392,239.01999872,5.555555573333692,100.0,1,0,6,0.0,10928.63495936,0
93.381,5146.582996878392,243.0,5.555201786672114,100.0,1,0,6,0.0,11055.0,0
93.382,5156.0675273839925,243.01999872,5.555201265291703,100.0,1,0,6,0.0,11055.0,0
93.662,5169.845218979726,248.61999872,5.555557652300649,100.0,1,0,6,0.0,11055.0,0
93.781,5179.571468979726,251.0,9.850409917372104,100.0,1,0,6,0.0,11055.0,0
93.941,5185.385357868615,260.0,6.997919254732551,100.0,1,0,6,0.0,10915.0,0
93.942,5192.608274490837,260.0249984,6.9440022334559535,100.0,1,0,6,0.0,10913.28510976,0
94.141,5205.858274490838,265.0,5.025077396336513,100.0,1,0,6,0.0,10572.0,0
94.302,5214.758691130838,267.0124992,3.472223654899608,100.0,1,0,6,0.0,10669.270794666669,0
94.381,5222.203135575282,268.0,3.929398882728634,100.0,1,0,7,1.0,10717.0,0
94.502,5231.203691095282,270.0166656,4.629629670784823,100.0,1,0,7,0.0,10773.9708032,0
94.621,5244.765913317505,272.0,3.8623249906585784,100.0,1,0,7,0.0,10830.0,0
94.861,5255.497579984172,274.0,2.708818642350707,100.0,1,0,7,0.0,10938.0,0
94.903,5263.120357726395,274.41999872,2.7777715625212096,100.0,1,0,7,0.0,10936.74000384,0
95.061,5269.253691059728,276.0,2.9735222503586556,100.0,1,0,7,0.0,10932.0,0
95.063,5279.987857673061,276.0214272,2.9760013703432016,100.0,1,0,7,0.0,10932.8070912,0
95.341,5290.837857673061,279.0,1.9910870846142643,100.0,1,0,7,0.0,11045.0,0
95.343,5297.115679081061,279.0142848,1.9840015676916485,100.0,1,0,7,0.0,11045.7213824,0
95.503,5307.932857617187,280.15714194285715,1.984128222845527,100.0,1,0,7,0.0,11103.435668114284,0
95.621,5318.78257983941,281.0,1.8788552983278919,100.0,1,0,7,0.0,11146.0,0
95.781,5325.910913172743,282.0,3.2623803973815484,100.0,1,0,7,0.0,11167.0,0
95.803,5332.183690986076,282.2750016,3.472239203631645,100.0,1,0,7,0.0,11172.6375328,0
95.941,5344.017024319409,284.0,2.5138866449573243,100.0,1,0,7,0.0,11208.0,0
96.103,5351.92841319052,284.80999936,1.3888924698576375,100.0,1,0,7,0.0,11212.0499968,0
96.141,5357.192996523853,285.0,1.3227548872175987,100.0,1,0,7,0.0,11213.0,0
96.236,5364.724275466076,285.3958336,1.1574081871344926,100.0,1,0,7,0.0,11252.9791936,0
